pass.fname,pass.lname,pass.dob,pass.age,pass.gender,pass.status,home.address,home.city,home.prov,home.country,emerg.contact.fname,emerg.contact.lname,emerg.contact.relationship,emerg.contact.phone,board.date,board.location
Nicole,Miller,1958-09-17,66,Female,Silver,"8125 Tony Stravenue Boulevard, Lethbridge, Alberta, C6J1P5, Canada",Lethbridge,AB,Canada,Lisa,Jackson,Relative,(483) 503-0564,2025-02-09,"Halifax, NS"
Nicole,Ramirez,1974-01-18,51,Female,Platinum,"1638 Pugh Loaf Street, Red Deer, Alberta, M6K 4P1, Canada",Red Deer,AB,Canada,Jeffrey,Meyer,Relative,(356) 159-5148,2025-02-09,"Halifax, NS"
Scott,Ramirez,1978-01-17,47,Male,Platinum,"1638 Pugh Loaf Street, Red Deer, Alberta, M6K 4P1, Canada",Red Deer,AB,Canada,Jeffrey,Meyer,Relative,(356) 159-5148,2025-02-09,"Halifax, NS"
Julie,Spencer,1999-06-03,25,Female,Silver,"2345 James Overpass Avenue, Red Deer, Alberta, B7L8T8, Canada",Red Deer,AB,Canada,Bradley,Robertson,Other,(433) 200-3791,2025-02-09,"Halifax, NS"
Kaitlyn,Jones,1996-06-03,28,Female,Silver,"2345 James Overpass Avenue, Red Deer, Alberta, B7L8T8, Canada",Red Deer,AB,Canada,Bradley,Robertson,Other,(433) 200-3791,2025-02-09,"Halifax, NS"
Kevin,Hernandez,1964-07-31,60,Male,Gold,"8177 Joshua Mission Lane, Nanaimo, British Columbia, G7C7B8, Canada",Nanaimo,BC,Canada,Stephanie,Simmons,Other,(727) 743-4873,2025-02-09,"Halifax, NS"
Amber,Hernandez,1963-08-01,61,Female,Gold,"8177 Joshua Mission Lane, Nanaimo, British Columbia, G7C7B8, Canada",Nanaimo,BC,Canada,Stephanie,Simmons,Other,(727) 743-4873,2025-02-09,"Halifax, NS"
Michael,Orozco,1998-06-16,26,Male,Silver,"3955 Nichole Well Road, Quebec City, Quebec, R3P7L9, Canada",Quebec City,QC,Canada,Tommy,Evans,Relative,(373) 467-0656,2025-02-09,"Halifax, NS"
Shannon,Tran,1997-03-17,27,Female,Silver,"5584 Paige Cliffs Lane, Kelowna, British Columbia, H5Y 9L1, Canada",Kelowna,BC,Canada,Brittany,Shepherd,Other,(699) 938-6774,2025-02-09,"Halifax, NS"
Jacob,Tran,1995-03-18,29,Male,Silver,"5584 Paige Cliffs Lane, Kelowna, British Columbia, H5Y 9L1, Canada",Kelowna,BC,Canada,Brittany,Shepherd,Other,(699) 938-6774,2025-02-09,"Halifax, NS"
Anna,Holland,1971-07-11,53,Female,Gold,"1963 Castro Cove Court, Toronto, Ontario, C2X 8J4, Canada",Toronto,ON,Canada,Katherine,Miller,Relative,(659) 401-3990,2025-02-09,"Halifax, NS"
Linda,Johnston,1998-11-20,26,Female,Silver,"3832 Cole Views Street, Quebec City, Quebec, L5N4N4, Canada",Quebec City,QC,Canada,Tony,Cervantes,Other,(071) 545-1680,2025-02-09,"Halifax, NS"
Austin,Smith,1986-08-23,38,Male,Silver,"8732 Sherri Locks Court, Steinbach, Manitoba, C1K5C5, Canada",Steinbach,MB,Canada,Jessica,Garcia,Other,(005) 045-5623,2025-02-09,"Halifax, NS"
Georgina,Smith,1992-08-21,32,Male,Silver,"8732 Sherri Locks Court, Steinbach, Manitoba, C1K5C5, Canada",Steinbach,MB,Canada,Jessica,Garcia,Other,(005) 045-5623,2025-02-09,"Halifax, NS"
Justin,Diaz,1948-12-15,76,Male,Silver,"3948 Phillip Trail Crescent, Nanaimo, British Columbia, C3J2X4, Canada",Nanaimo,BC,Canada,Rodney,Blankenship,Other,(047) 113-8267,2025-02-09,"Halifax, NS"
Joshua,Jones,1959-08-20,65,Male,Platinum,"5249 Marcus Inlet Terrace, Quebec City, Quebec, S8V5H4, Canada",Quebec City,QC,Canada,Jessica,Beasley,Relative,(565) 452-7111,2025-02-09,"Halifax, NS"
Jacqueline,Jones,1957-08-20,67,Female,Platinum,"5249 Marcus Inlet Terrace, Quebec City, Quebec, S8V5H4, Canada",Quebec City,QC,Canada,Jessica,Beasley,Relative,(565) 452-7111,2025-02-09,"Halifax, NS"
Jessica,Tucker,1993-05-10,31,Female,Silver,"3017 Timothy Forges Street, Kingston, Ontario, S6S 5J8, Canada",Kingston,ON,Canada,Michael,Tucker,Relative,(071) 596-9664,2025-02-09,"Halifax, NS"
Shelley,Tucker,1996-05-09,28,Female,Silver,"3017 Timothy Forges Street, Kingston, Ontario, S6S 5J8, Canada",Kingston,ON,Canada,Michael,Tucker,Relative,(071) 596-9664,2025-02-09,"Halifax, NS"
Jennifer,Sanchez,1964-06-17,60,Female,Silver,"7023 Deleon Corners Lane, Hamilton, Ontario, K2R1N2, Canada",Hamilton,ON,Canada,Lance,Wolf,Other,(997) 995-5271,2025-02-09,"Halifax, NS"
Omar,Sanchez,1962-06-18,62,Male,Silver,"7023 Deleon Corners Lane, Hamilton, Ontario, K2R1N2, Canada",Hamilton,ON,Canada,Lance,Wolf,Other,(997) 995-5271,2025-02-09,"Halifax, NS"
Karl,Romero,1947-03-18,77,Male,Silver,"3194 Vasquez Squares Boulevard, Kingston, Ontario, J4P 3K9, Canada",Kingston,ON,Canada,Matthew,Williams,Other,(892) 554-6659,2025-02-09,"Halifax, NS"
Elizabeth,Holland,2001-01-09,24,Female,Silver,"4051 Emma Streets Boulevard, Quebec City, Quebec, G4M5V3, Canada",Quebec City,QC,Canada,Maria,Murphy,Relative,(816) 850-5423,2025-02-09,"Halifax, NS"
Sara,Atkins,1983-11-07,41,Female,Gold,"6556 Nichole Plaza Avenue, Surrey, British Columbia, K9S 4C8, Canada",Surrey,BC,Canada,Brian,Murphy,Relative,(275) 705-9640,2025-02-09,"Halifax, NS"
Michael,Atkins,1982-11-07,42,Male,Gold,"6556 Nichole Plaza Avenue, Surrey, British Columbia, K9S 4C8, Canada",Surrey,BC,Canada,Brian,Murphy,Relative,(275) 705-9640,2025-02-09,"Halifax, NS"
Howard,Owen,1949-06-05,75,Male,Silver,"6959 Hughes Terrace Lane, London, Ontario, A9C3A2, Canada",London,ON,Canada,Laura,Moreno,Relative,(027) 868-1447,2025-02-09,"Halifax, NS"
Patricia,Owen,1955-06-04,69,Female,Silver,"6959 Hughes Terrace Lane, London, Ontario, A9C3A2, Canada",London,ON,Canada,Laura,Moreno,Relative,(027) 868-1447,2025-02-09,"Halifax, NS"
Tammy,Gonzalez,1992-01-25,33,Female,Gold,"9144 Mccormick Mall Road, Montreal, Quebec, T7H 6C5, Canada",Montreal,QC,Canada,Curtis,Taylor,Other,(578) 291-1467,2025-02-09,"Halifax, NS"
Nancy,Gonzalez,1993-01-25,32,Female,Gold,"9144 Mccormick Mall Road, Montreal, Quebec, T7H 6C5, Canada",Montreal,QC,Canada,Curtis,Taylor,Other,(578) 291-1467,2025-02-09,"Halifax, NS"
Joshua,Morgan,1981-01-15,44,Female,Silver,"1242 Avery Junctions Boulevard, Hamilton, Ontario, G1P1M5, Canada",Hamilton,ON,Canada,Elizabeth,Morgan,Relative,(276) 773-5925,2025-02-09,"Halifax, NS"
Jessica,Morgan,1987-01-14,38,Female,Silver,"1242 Avery Junctions Boulevard, Hamilton, Ontario, G1P1M5, Canada",Hamilton,ON,Canada,Elizabeth,Morgan,Relative,(276) 773-5925,2025-02-09,"Halifax, NS"
John,Herrera,1991-01-20,34,Male,Gold,"4962 Freeman Field Street, Vancouver, British Columbia, M1L 7N5, Canada",Vancouver,BC,Canada,Gina,Lopez,Relative,(800) 025-7872,2025-02-09,"Halifax, NS"
Daniel,Lopez,1992-01-20,33,Male,Gold,"4962 Freeman Field Street, Vancouver, British Columbia, M1L 7N5, Canada",Vancouver,BC,Canada,Gina,Lopez,Relative,(800) 025-7872,2025-02-09,"Halifax, NS"
Jeffrey,Flores,1977-01-11,48,Male,Silver,"3095 Terri Stream Avenue, Laval, Quebec, E7X 1N8, Canada",Laval,QC,Canada,Mark,Harvey,Relative,(130) 756-2636,2025-02-09,"Halifax, NS"
Angela,Moses,1947-01-08,78,Female,Silver,"400 Green Ports Road, Hamilton, Ontario, X4E7T7, Canada",Hamilton,ON,Canada,Ashlee,Townsend,Relative,(826) 773-4540,2025-02-09,"Halifax, NS"
Shawna,Prince,1984-09-11,40,Female,Gold,"1269 Mckee Isle Crescent, Halifax, Nova Scotia, H5R4Y3, Canada",Halifax,NS,Canada,Julie,Walters,Relative,(933) 272-7956,2025-02-09,"Halifax, NS"
Larry,Walters,1988-09-10,36,Male,Gold,"1269 Mckee Isle Crescent, Halifax, Nova Scotia, H5R4Y3, Canada",Halifax,NS,Canada,Julie,Walters,Relative,(933) 272-7956,2025-02-09,"Halifax, NS"
Walter,Padilla,1987-07-08,37,Male,Silver,"3017 Timothy Forges Street, Kingston, Ontario, S6S 5J8, Canada",Kingston,ON,Canada,Jason,Elliott,Relative,(740) 640-3910,2025-02-09,"Halifax, NS"
Ashley,Padilla,1988-03-23,36,Female,Silver,"3017 Timothy Forges Street, Kingston, Ontario, S6S 5J8, Canada",Kingston,ON,Canada,Jason,Elliott,Relative,(740) 640-3910,2025-02-09,"Halifax, NS"
Bryan,Michael,1979-06-15,45,Male,Silver,"1568 Garcia Meadow Drive, Laval, Quebec, C4J 5B9, Canada",Laval,QC,Canada,Veronica,Ford,Other,(337) 524-3106,2025-02-09,"Halifax, NS"
Erica,Michael,1974-07-16,50,Female,Silver,"1568 Garcia Meadow Drive, Laval, Quebec, C4J 5B9, Canada",Laval,QC,Canada,Veronica,Ford,Other,(337) 524-3106,2025-02-09,"Halifax, NS"
Sara,Garcia,1965-01-19,60,Female,Platinum,"2250 Davis Crossroad Crescent, Quebec City, Quebec, S3L 4N8, Canada",Quebec City,QC,Canada,Charles,Keller,Relative,(644) 089-2687,2025-02-09,"Halifax, NS"
Ken,Garcia,1963-01-20,62,Male,Platinum,"2250 Davis Crossroad Crescent, Quebec City, Quebec, S3L 4N8, Canada",Quebec City,QC,Canada,Charles,Keller,Relative,(644) 089-2687,2025-02-09,"Halifax, NS"
Kristi,Hudson,1998-07-12,26,Female,Gold,"8652 Vanessa Rapids Drive, Dartmouth, Nova Scotia, G1L 7K3, Canada",Dartmouth,NS,Canada,Alexa,Wagner,Other,(770) 088-6008,2025-02-09,"Halifax, NS"
John,Hall,1989-05-11,35,Male,Gold,"2617 Sellers Port Road, Kingston, Ontario, L7Y7K7, Canada",Kingston,ON,Canada,Nicole,Marquez,Other,(396) 856-2185,2025-02-09,"Halifax, NS"
Kimberly,Hall,1984-05-12,40,Female,Gold,"2617 Sellers Port Road, Kingston, Ontario, L7Y7K7, Canada",Kingston,ON,Canada,Nicole,Marquez,Other,(396) 856-2185,2025-02-09,"Halifax, NS"
Dean,Friedman,1985-08-28,39,Male,Silver,"6437 Andrews Stravenue Street, Red Deer, Alberta, X7C6R2, Canada",Red Deer,AB,Canada,Aaron,Parker,Other,(126) 788-8610,2025-02-09,"Halifax, NS"
Katherine,Friedman,1990-08-28,34,Female,Silver,"6437 Andrews Stravenue Street, Red Deer, Alberta, X7C6R2, Canada",Red Deer,AB,Canada,Aaron,Parker,Other,(126) 788-8610,2025-02-09,"Halifax, NS"
Betty,Smith,1977-12-15,47,Female,Silver,"2979 Gregory Cove Drive, Red Deer, Alberta, C6N7E9, Canada",Red Deer,AB,Canada,David,Smith,Relative,(712) 406-5965,2025-02-09,"Halifax, NS"
Mark,Smith,1971-12-17,53,Male,Silver,"2979 Gregory Cove Drive, Red Deer, Alberta, C6N7E9, Canada",Red Deer,AB,Canada,NA,NA,NA,NA,2025-02-09,"Halifax, NS"
Mark,Evans,1996-03-25,28,Male,Gold,"7077 Salinas Forges Avenue, Nanaimo, British Columbia, G2X3K1, Canada",Nanaimo,BC,Canada,Kimberly,Maldonado,Other,(073) 741-6724,2025-02-09,"Halifax, NS"
Jamie,Evans,1998-03-09,26,Female,Gold,"7077 Salinas Forges Avenue, Nanaimo, British Columbia, G2X3K1, Canada",Nanaimo,BC,Canada,Kimberly,Maldonado,Other,(073) 741-6724,2025-02-09,"Halifax, NS"
Carrie,Wilson,1973-06-28,51,Female,Gold,"4563 Wright Road Court, Quebec City, Quebec, K6K2Y3, Canada",Quebec City,QC,Canada,Nathan,Chavez,Other,(401) 051-2382,2025-02-09,"Halifax, NS"
Christopher,Wilson,1972-06-28,52,Male,Gold,"4563 Wright Road Court, Quebec City, Quebec, K6K2Y3, Canada",Quebec City,QC,Canada,Nathan,Chavez,Other,(401) 051-2382,2025-02-09,"Halifax, NS"
Jamie,Love,1998-07-04,26,Female,Silver,"8522 Herman Glens Drive, Hamilton, Ontario, N9H 8H2, Canada",Hamilton,ON,Canada,Eric,Love,Relative,(675) 289-5392,2025-02-09,"Halifax, NS"
Matthew,Love,2000-07-03,24,Male,Silver,"8522 Herman Glens Drive, Hamilton, Ontario, N9H 8H2, Canada",Hamilton,ON,Canada,NA,NA,NA,NA,2025-02-09,"Halifax, NS"
Leah,Flores,1945-11-12,79,Female,Silver,"2612 Heath Station Terrace, London, Ontario, T5R 3G8, Canada",London,ON,Canada,Barry,Scott,Other,(006) 762-6765,2025-02-09,"Halifax, NS"
Oliver,Flores,1939-11-14,85,Male,Silver,"2612 Heath Station Terrace, London, Ontario, T5R 3G8, Canada",London,ON,Canada,Barry,Scott,Other,(006) 762-6765,2025-02-09,"Halifax, NS"
Stephanie,Adams,1986-01-03,39,Female,Gold,"1441 Eric Vista Road, Montreal, Quebec, H6S2S3, Canada",Montreal,QC,Canada,Sam,Adams,Relative,(786) 103-5797,2025-02-09,"Halifax, NS"
Christina,Woolworth,1992-01-02,33,Female,Gold,"1441 Eric Vista Road, Montreal, Quebec, H6S2S3, Canada",Montreal,QC,Canada,James,Hull,Other,(786) 103-5797,2025-02-09,"Halifax, NS"
Tony,Ruiz,1987-09-17,37,Male,Silver,"2068 Allen Parkways Drive, Dartmouth, Nova Scotia, S9V 9G1, Canada",Dartmouth,NS,Canada,Mark,Carpenter,Other,(816) 846-0223,2025-02-09,"Halifax, NS"
Linda,Ruiz,1984-09-17,40,Female,Silver,"2068 Allen Parkways Drive, Dartmouth, Nova Scotia, S9V 9G1, Canada",Dartmouth,NS,Canada,NA,NA,NA,NA,2025-02-09,"Halifax, NS"
Jamie,Fry,1951-12-07,73,Male,Gold,"9337 Rosales Vista Crescent, Summerside, Prince Edward Island, L8V9H1, Canada",Summerside,PEI,Canada,Dawn,Nichols,Other,(901) 001-6761,2025-02-09,"Halifax, NS"
Karen,Fry,1953-11-07,71,Female,Gold,"9337 Rosales Vista Crescent, Summerside, Prince Edward Island, L8V9H1, Canada",Summerside,PEI,Canada,Dawn,Nichols,Other,(901) 001-6761,2025-02-09,"Halifax, NS"
Crystal,Neal,1948-08-18,76,Female,Silver,"8809 Amanda Greens Drive, Calgary, Alberta, G1Y3L7, Canada",Calgary,AB,Canada,Joshua,Lozano,Relative,(001) 197-2181,2025-02-09,"Halifax, NS"
Joelle,Garcia,1990-09-29,34,Female,Gold,"248 Duncan Harbors Crescent, Lethbridge, Alberta, B7K 6G3, Canada",Lethbridge,AB,Canada,Jessica,Brown,Relative,(935) 889-1637,2025-02-09,"Halifax, NS"
Vincent,Garcia,1984-10-01,40,Male,Gold,"248 Duncan Harbors Crescent, Lethbridge, Alberta, B7K 6G3, Canada",Lethbridge,AB,Canada,NA,NA,NA,NA,2025-02-09,"Halifax, NS"
Regina,Conner,1984-05-09,40,Female,Silver,"3470 Doris Knolls Road, London, Ontario, S6N 7J9, Canada",London,ON,Canada,Sarah,Rivera,Other,(113) 055-4885,2025-02-09,"Halifax, NS"
Ronald,Conner,1982-05-10,42,Male,Silver,"3470 Doris Knolls Road, London, Ontario, S6N 7J9, Canada",London,ON,Canada,Sarah,Rivera,Other,(113) 055-4885,2025-02-09,"Halifax, NS"
Kayla,Taylor,1970-03-03,54,Female,Silver,"7289 Jeffrey Vista Court, Laval, Quebec, J1A5P8, Canada",Laval,QC,Canada,April,Fitzgerald,Relative,(697) 829-2216,2025-02-09,"Halifax, NS"
Crystal,Bowers,1951-06-27,73,Female,Platinum,"3596 William Shoal Avenue, Hamilton, Ontario, E6Y6H4, Canada",Hamilton,ON,Canada,Jill,Conway,Relative,(561) 648-4085,2025-02-09,"Halifax, NS"
Todd,Bowers,1955-06-26,69,Male,Platinum,"3596 William Shoal Avenue, Hamilton, Ontario, E6Y6H4, Canada",Hamilton,ON,Canada,Jill,Conway,Relative,(561) 648-4085,2025-02-09,"Halifax, NS"
Sheldon,Cortez,1988-01-09,37,Male,Silver,"4471 Thornton Stream Street, Vancouver, British Columbia, L5E4H2, Canada",Vancouver,BC,Canada,Daniel,Francis,Relative,(424) 508-8210,2025-02-09,"Halifax, NS"
Emma,Cortez,1993-01-07,32,Female,Silver,"4471 Thornton Stream Street, Vancouver, British Columbia, L5E4H2, Canada",Vancouver,BC,Canada,Daniel,Francis,Relative,(424) 508-8210,2025-02-09,"Halifax, NS"
William,Cunningham,1945-03-24,79,Male,Silver,"9982 Rodriguez Prairie Court, London, Ontario, K7P 5V5, Canada",London,ON,Canada,Sarah,Trevino,Other,(834) 110-8099,2025-02-09,"Halifax, NS"
James,Lewis,1987-05-05,37,Male,Silver,"7276 Courtney Port Terrace, Surrey, British Columbia, G7A 5J3, Canada",Surrey,BC,Canada,Keith,Lewis,Relative,(750) 373-1453,2025-02-09,"Halifax, NS"
Susan,Lewis,1986-07-05,38,Female,Silver,"7276 Courtney Port Terrace, Surrey, British Columbia, G7A 5J3, Canada",Surrey,BC,Canada,Keith,Lewis,Relative,(750) 373-1453,2025-02-09,"Halifax, NS"
Justin,Hinton,1983-06-25,41,Male,Silver,"5360 Jones Fork Avenue, Hamilton, Ontario, H2Y 4K1, Canada",Hamilton,ON,Canada,Jessica,Brown,Relative,(519) 066-9849,2025-02-09,"Halifax, NS"
Amy,Hinton,1982-06-25,42,Female,Silver,"5360 Jones Fork Avenue, Hamilton, Ontario, H2Y 4K1, Canada",Hamilton,ON,Canada,Jessica,Brown,Relative,(519) 066-9849,2025-02-09,"Halifax, NS"
Douglas,Hansen,1964-08-03,60,Male,Gold,"5894 Taylor Camp Lane, Nanaimo, British Columbia, K9S8Y8, Canada",Nanaimo,BC,Canada,Rebecca,Gutierrez,Relative,(434) 165-1827,2025-02-09,"Halifax, NS"
Luis,Long,1986-05-10,38,Male,Silver,"7906 Wilcox Island Drive, Calgary, Alberta, H2H5L6, Canada",Calgary,AB,Canada,Louis,Diaz,Relative,(564) 729-2931,2025-02-09,"Halifax, NS"
Leslie,Long,1989-05-09,35,Female,Silver,"7906 Wilcox Island Drive, Calgary, Alberta, H2H5L6, Canada",Calgary,AB,Canada,Louis,Diaz,Relative,(564) 729-2931,2025-02-09,"Halifax, NS"
Samuel,Kelly,1969-08-04,55,Male,Silver,"6923 Combs Points Boulevard, Sherbrooke, Quebec, Y8N 8P4, Canada",Sherbrooke,QC,Canada,Lisa,Foster,Relative,(762) 202-3413,2025-02-09,"Halifax, NS"
Jessica,Kelly,1973-08-03,51,Female,Silver,"6923 Combs Points Boulevard, Sherbrooke, Quebec, Y8N 8P4, Canada",Sherbrooke,QC,Canada,Lisa,Foster,Relative,(762) 202-3413,2025-02-09,"Halifax, NS"
Kristin,Kelley,1963-06-05,61,Female,Silver,"1556 Rivera Lodge Drive, Vancouver, British Columbia, B9S5V6, Canada",Vancouver,BC,Canada,Seth,Donovan,Relative,(728) 299-7968,2025-02-09,"Halifax, NS"
Susan,Kelley,1959-06-06,65,Female,Silver,"1556 Rivera Lodge Drive, Vancouver, British Columbia, B9S5V6, Canada",Vancouver,BC,Canada,Seth,Donovan,Relative,(728) 299-7968,2025-02-09,"Halifax, NS"
Carly,Olson,1935-10-08,89,Female,Silver,"2734 Michael Manors Boulevard, Ottawa, Ontario, L9G 5L3, Canada",Ottawa,ON,Canada,Jeffrey,Carter,Relative,(085) 368-6632,2025-02-09,"Halifax, NS"
Nicholas,Boyer,1977-06-12,47,Male,Silver,"5630 Dixon Fall Court, Hamilton, Ontario, R8L3E9, Canada",Hamilton,ON,Canada,George,Booker,Relative,(052) 812-7358,2025-02-09,"Halifax, NS"
John,Boyer,1974-06-13,50,Male,Silver,"5630 Dixon Fall Court, Hamilton, Ontario, R8L3E9, Canada",Hamilton,ON,Canada,George,Booker,Relative,(052) 812-7358,2025-02-09,"Halifax, NS"
Tiffany,Warren,1955-05-24,69,Female,Silver,"9192 Renee Roads Terrace, Brandon, Manitoba, J7E2L5, Canada",Brandon,MB,Canada,Jasmine,Burns,Relative,(539) 103-7170,2025-02-09,"Halifax, NS"
Thomas,Warren,1960-05-26,64,Male,Silver,"9192 Renee Roads Terrace, Brandon, Manitoba, J7E2L5, Canada",Brandon,MB,Canada,Jasmine,Burns,Relative,(539) 103-7170,2025-02-09,"Halifax, NS"
Anthony,Kirk,1988-08-20,36,Male,Silver,"5322 Walsh Course Lane, Surrey, British Columbia, C2B 5M8, Canada",Surrey,BC,Canada,Ethan,Ingram,Relative,(899) 210-7522,2025-02-09,"Halifax, NS"
Tammie,Kirk,1989-01-26,36,Female,Silver,"5322 Walsh Course Lane, Surrey, British Columbia, C2B 5M8, Canada",Surrey,BC,Canada,Ethan,Ingram,Relative,(899) 210-7522,2025-02-09,"Halifax, NS"
Mark,Cummings,1996-01-13,29,Male,Gold,"7845 Hamilton Ford Crescent, Calgary, Alberta, Y7L6T6, Canada",Calgary,AB,Canada,Barbara,Townsend,Relative,(480) 589-2583,2025-02-09,"Halifax, NS"
Michael,Maddox,1962-09-26,62,Male,Silver,"8089 Sharon Prairie Drive, London, Ontario, T6J 2J3, Canada",London,ON,Canada,James,Duncan,Relative,(983) 314-6591,2025-02-09,"Halifax, NS"
Nicole,Maddox,1963-06-16,61,Female,Silver,"8089 Sharon Prairie Drive, London, Ontario, T6J 2J3, Canada",London,ON,Canada,James,Duncan,Relative,(983) 314-6591,2025-02-09,"Halifax, NS"
Sandra,Christensen,1982-08-30,42,Female,Silver,"8902 Jeff Dam Road, Lethbridge, Alberta, A6R 2L6, Canada",Lethbridge,AB,Canada,Mary,Lin,Relative,(463) 681-5798,2025-02-09,"Halifax, NS"
Christopher,Christensen,1979-08-22,45,Male,Silver,"8902 Jeff Dam Road, Lethbridge, Alberta, A6R 2L6, Canada",Lethbridge,AB,Canada,Mary,Lin,Relative,(463) 681-5798,2025-02-09,"Halifax, NS"
Mary,Castro,1952-10-11,72,Female,Platinum,"4895 Juan Skyway Boulevard, Nanaimo, British Columbia, X1S 4G5, Canada",Nanaimo,BC,Canada,Tiffany,Perez,Relative,(936) 392-6495,2025-02-09,"Halifax, NS"
Matthew,Khan,1997-01-20,28,Male,Silver,"6959 Andrews Summit Boulevard, Toronto, Ontario, S1X8H5, Canada",Toronto,ON,Canada,Cassidy,Joseph,Relative,(123) 094-0777,2025-02-09,"Halifax, NS"
Shelly,Khan,2000-01-20,25,Female,Silver,"6959 Andrews Summit Boulevard, Toronto, Ontario, S1X8H5, Canada",Toronto,ON,Canada,Cassidy,Joseph,Relative,(123) 094-0777,2025-02-09,"Halifax, NS"
Laura,Lewis,2008-08-07,16,Female,Silver,"6807 Kristin Port Avenue, Quebec City, Quebec, E4S6G9, Canada",Quebec City,QC,Canada,Christopher,Murray,Relative,(576) 084-9588,2025-02-09,"Halifax, NS"
Susan,Lewis,1976-08-07,48,Female,Silver,"6807 Kristin Port Avenue, Quebec City, Quebec, E4S6G9, Canada",Quebec City,QC,Canada,Christopher,Murray,Relative,(576) 084-9588,2025-02-09,"Halifax, NS"
Sandra,Wiggins,1981-04-21,43,Female,Silver,"5702 Debbie Club Drive, Ottawa, Ontario, R4M3J6, Canada",Ottawa,ON,Canada,Marcus,Palmer,Relative,(858) 542-4932,2025-02-09,"Halifax, NS"
Robert,Scott,1986-09-13,38,Male,Gold,"3112 Anna Crest Street, Brandon, Manitoba, B5X9G8, Canada",Brandon,MB,Canada,Erika,Banks,Relative,(639) 382-7615,2025-02-09,"Halifax, NS"
Lisa,Scott,1990-09-12,34,Female,Gold,"3112 Anna Crest Street, Brandon, Manitoba, B5X9G8, Canada",Brandon,MB,Canada,Erika,Banks,Relative,(639) 382-7615,2025-02-09,"Halifax, NS"
Jaime,Thompson,1992-11-24,32,Male,Silver,"3713 Tammy Lock Lane, Ottawa, Ontario, K8M8T5, Canada",Ottawa,ON,Canada,Makayla,Smith,Relative,(278) 469-9733,2025-02-09,"Halifax, NS"
Sarah,Thompson,1986-11-26,38,Female,Silver,"3713 Tammy Lock Lane, Ottawa, Ontario, K8M8T5, Canada",Ottawa,ON,Canada,Makayla,Smith,Relative,(278) 469-9733,2025-02-09,"Halifax, NS"
Spencer,Sellers,1963-08-04,61,Male,Platinum,"3041 Long Drive Crescent, Toronto, Ontario, S5X1Y1, Canada",Toronto,ON,Canada,Joshua,Brown,Relative,(403) 696-5666,2025-02-09,"Halifax, NS"
Michael,Joseph,1953-06-24,71,Male,Gold,"9298 Wright Station Terrace, Victoria, British Columbia, N9X 6C9, Canada",Victoria,BC,Canada,Stephanie,Nichols,Relative,(778) 795-6544,2025-02-09,"Halifax, NS"
Catherine,Joseph,1947-06-26,77,Female,Gold,"9298 Wright Station Terrace, Victoria, British Columbia, N9X 6C9, Canada",Victoria,BC,Canada,Stephanie,Nichols,Relative,(778) 795-6544,2025-02-09,"Halifax, NS"
Melissa,Scott,1973-11-10,51,Female,Gold,"7803 Wood Lights Crescent, Sydney, Nova Scotia, P3B 7Y9, Canada",Sydney,NS,Canada,Alexander,Davis,Relative,(119) 269-2124,2025-02-09,"Halifax, NS"
Samuel,Scott,1977-11-09,47,Male,Gold,"7803 Wood Lights Crescent, Sydney, Nova Scotia, P3B 7Y9, Canada",Sydney,NS,Canada,Alexander,Davis,Relative,(119) 269-2124,2025-02-09,"Halifax, NS"
Ian,Chavez,1965-12-14,59,Male,Gold,"7846 Joseph Rapids Road, Red Deer, Alberta, X3T7N5, Canada",Red Deer,AB,Canada,John,Mcfarland,Relative,(128) 639-1741,2025-02-09,"Halifax, NS"
Lisa,Chavez,1959-12-16,65,Female,Gold,"7846 Joseph Rapids Road, Red Deer, Alberta, X3T7N5, Canada",Red Deer,AB,Canada,John,Mcfarland,Relative,(128) 639-1741,2025-02-09,"Halifax, NS"
Patricia,Waters,1964-01-17,61,Female,Silver,"235 Robert Brook Court, Hamilton, Ontario, C1M 6J5, Canada",Hamilton,ON,Canada,Taylor,Howard,Relative,(851) 743-2806,2025-02-09,"Halifax, NS"
Donna,Waters,1970-09-11,54,Female,Silver,"235 Robert Brook Court, Hamilton, Ontario, C1M 6J5, Canada",Hamilton,ON,Canada,Taylor,Howard,Relative,(851) 743-2806,2025-02-09,"Halifax, NS"
Amanda,Smith,1965-08-10,59,Female,Silver,"8046 House Spring Lane, Sherbrooke, Quebec, H9G 7Y3, Canada",Sherbrooke,QC,Canada,Jodi,Allen,Relative,(063) 254-3107,2025-02-09,"Halifax, NS"
Randall,Smith,1962-04-04,62,Male,Silver,"8046 House Spring Lane, Sherbrooke, Quebec, H9G 7Y3, Canada",Sherbrooke,QC,Canada,Jodi,Allen,Relative,(063) 254-3107,2025-02-09,"Halifax, NS"
Jill,Burgess,1991-07-12,33,Female,Gold,"4711 Fisher Track Street, Victoria, British Columbia, L7V 4N8, Canada",Victoria,BC,Canada,Nancy,Brown,Relative,(790) 552-8183,2025-02-09,"Halifax, NS"
Colton,Burgess,1994-05-19,30,Male,Gold,"4711 Fisher Track Street, Victoria, British Columbia, L7V 4N8, Canada",Victoria,BC,Canada,Nancy,Brown,Relative,(790) 552-8183,2025-02-09,"Halifax, NS"
Donald,Meyer,1983-07-11,41,Male,Gold,"1901 Brock Courts Street, Saskatoon, Saskatchewan, X2J1N5, Canada",Saskatoon,SK,Canada,Melissa,Wilkinson,Relative,(242) 437-5402,2025-02-09,"Halifax, NS"
Thomas,Oneill,1984-07-29,40,Male,Gold,"1901 Brock Courts Street, Saskatoon, Saskatchewan, X2J1N5, Canada",Saskatoon,SK,Canada,Melissa,Wilkinson,Relative,(242) 437-5402,2025-02-09,"Halifax, NS"
Antonio,Cantrell,1977-09-10,47,Male,Silver,"1568 Garcia Meadow Drive, Laval, Quebec, C4J 5B9, Canada",Laval,QC,Canada,Rachael,Wang,Relative,(018) 718-6375,2025-02-09,"Halifax, NS"
Bradley,Saunders,1978-05-16,46,Male,Silver,"1568 Garcia Meadow Drive, Laval, Quebec, C4J 5B9, Canada",Laval,QC,Canada,Rachael,Wang,Relative,(018) 718-6375,2025-02-09,"Halifax, NS"
Michael,Butler,1999-06-08,25,Male,Gold,"6427 Joanne Inlet Terrace, Toronto, Ontario, R6N9Y5, Canada",Toronto,ON,Canada,Barbara,Anderson,Other,(232) 161-1076,2025-02-09,"Halifax, NS"
Elizabeth,Jones,1993-03-09,31,Female,Gold,"6427 Joanne Inlet Terrace, Toronto, Ontario, R6N9Y5, Canada",Toronto,ON,Canada,Barbara,Anderson,Other,(232) 161-1076,2025-02-09,"Halifax, NS"
Jennifer,Palmer,1971-12-11,53,Female,Platinum,"3983 Benjamin Locks Boulevard, Lethbridge, Alberta, C2C 8V8, Canada",Lethbridge,AB,Canada,Christopher,Mason,Relative,(119) 083-3428,2025-02-09,"Halifax, NS"
Christopher,Palmer,1975-02-10,50,Male,Platinum,"3983 Benjamin Locks Boulevard, Lethbridge, Alberta, C2C 8V8, Canada",Lethbridge,AB,Canada,Christopher,Mason,Relative,(119) 083-3428,2025-02-09,"Halifax, NS"
Laura,Lamb,1983-10-17,41,Female,Platinum,"1469 Amy Views Road, Surrey, British Columbia, K9C 3C7, Canada",Surrey,BC,Canada,Cynthia,Allen,Relative,(303) 477-8660,2025-02-09,"Halifax, NS"
Keith,Lamb,1981-10-17,43,Male,Platinum,"1469 Amy Views Road, Surrey, British Columbia, K9C 3C7, Canada",Surrey,BC,Canada,Cynthia,Allen,Relative,(303) 477-8660,2025-02-09,"Halifax, NS"
Tanya,Clarke,1987-12-25,37,Female,Silver,"4797 Glass Ford Avenue, Saskatoon, Saskatchewan, V8S8K3, Canada",Saskatoon,SK,Canada,Nicholas,Fitzpatrick,Relative,(391) 559-6363,2025-02-09,"Halifax, NS"
Kaitlyn,Lewis,1979-04-03,45,Female,Silver,"2611 Baker Stravenue Boulevard, Kelowna, British Columbia, A5P3M6, Canada",Kelowna,BC,Canada,Lisa,Skinner,Other,(451) 837-6064,2025-02-09,"Halifax, NS"
Melanie,Lewis-Smith,1981-04-02,43,Female,Silver,"2611 Baker Stravenue Boulevard, Kelowna, British Columbia, A5P3M6, Canada",Kelowna,BC,Canada,Lisa,Skinner,Other,(451) 837-6064,2025-02-09,"Halifax, NS"
Bradley,Moon,1978-01-28,47,Male,Gold,"4414 Sheila Harbors Boulevard, Kelowna, British Columbia, M8C 4P4, Canada",Kelowna,BC,Canada,Martin,Smith,Relative,(459) 112-3829,2025-02-09,"Halifax, NS"
Roberta,Moon,1984-01-27,41,Female,Gold,"4414 Sheila Harbors Boulevard, Kelowna, British Columbia, M8C 4P4, Canada",Kelowna,BC,Canada,Martin,Smith,Relative,(459) 112-3829,2025-02-09,"Halifax, NS"
Christopher,Serrano,1995-03-12,29,Male,Silver,"3107 Knight Circle Avenue, Calgary, Alberta, M3V2E6, Canada",Calgary,AB,Canada,Brittany,Rubio,Relative,(910) 867-7133,2025-02-09,"Halifax, NS"
Emily,Serrano,1999-03-11,25,Female,Silver,"3107 Knight Circle Avenue, Calgary, Alberta, M3V2E6, Canada",Calgary,AB,Canada,Brittany,Rubio,Relative,(910) 867-7133,2025-02-09,"Halifax, NS"
Bobby,Long,1980-07-09,44,Male,Silver,"5314 Malone Canyon Court, Steinbach, Manitoba, S4P 2J8, Canada",Steinbach,MB,Canada,Robert,Manning,Relative,(961) 642-3610,2025-02-09,"Halifax, NS"
Melissa,Long,1988-05-19,36,Female,Silver,"5314 Malone Canyon Court, Steinbach, Manitoba, S4P 2J8, Canada",Steinbach,MB,Canada,Robert,Manning,Relative,(961) 642-3610,2025-02-09,"Halifax, NS"
Benjamin,Patterson,1969-08-06,55,Male,Gold,"6557 Gary Villages Road, Laval, Quebec, V7G 7X4, Canada",Laval,QC,Canada,Sarah,Williams,Other,(945) 232-1941,2025-02-09,"Halifax, NS"
Jason,Patterson,1973-02-05,52,Male,Gold,"6557 Gary Villages Road, Laval, Quebec, V7G 7X4, Canada",Laval,QC,Canada,Sarah,Williams,Other,(945) 232-1941,2025-02-09,"Halifax, NS"
Jennifer,Petty,1962-01-11,63,Female,Silver,"9468 Alexander Wall Street, Red Deer, Alberta, E6C 2N9, Canada",Red Deer,AB,Canada,Alisha,Roberts,Relative,(757) 383-9597,2025-02-09,"Halifax, NS"
Colin,Manderson,1959-01-12,66,Male,Silver,"9468 Alexander Wall Street, Red Deer, Alberta, E6C 2N9, Canada",Red Deer,AB,Canada,Alisha,Roberts,Relative,(757) 383-9597,2025-02-09,"Halifax, NS"
Virginia,Moyer,1986-05-19,38,Female,Silver,"2648 Jason Knoll Boulevard, Montreal, Quebec, L2P 1P6, Canada",Montreal,QC,Canada,Dean,Rhodes,Other,(801) 561-9318,2025-02-09,"Halifax, NS"
Stephen,Moyer,1979-05-19,45,Male,Silver,"2648 Jason Knoll Boulevard, Montreal, Quebec, L2P 1P6, Canada",Montreal,QC,Canada,Dean,Rhodes,Other,(801) 561-9318,2025-02-09,"Halifax, NS"
Beth,Hammond,1957-07-18,67,Female,Silver,"451 Obrien Crest Court, Laval, Quebec, H9M5A6, Canada",Laval,QC,Canada,Michelle,Gill,Relative,(213) 760-3754,2025-02-09,"Halifax, NS"
Kevin,Hammond,1956-04-27,68,Male,Silver,"451 Obrien Crest Court, Laval, Quebec, H9M5A6, Canada",Laval,QC,Canada,Michelle,Gill,Relative,(213) 760-3754,2025-02-09,"Halifax, NS"
Nathan,Ward,1971-04-19,53,Male,Silver,"3865 Brenda Inlet Terrace, Winnipeg, Manitoba, M8K9S1, Canada",Winnipeg,MB,Canada,Terri,Miller,Relative,(029) 084-6684,2025-02-09,"Halifax, NS"
Natasha,Sherman,1990-05-27,34,Female,Silver,"6661 Cynthia Burg Crescent, Saskatoon, Saskatchewan, G2K6K5, Canada",Saskatoon,SK,Canada,Krystal,Kline,Relative,(935) 449-2683,2025-02-09,"Halifax, NS"
Nathan,Beck,1959-06-19,65,Male,Gold,"2196 Hernandez Gateway Crescent, Montreal, Quebec, B6J6G4, Canada",Montreal,QC,Canada,Cheryl,Montgomery,Relative,(098) 378-0182,2025-02-09,"Halifax, NS"
Richard,Beck,1962-06-18,62,Male,Gold,"2196 Hernandez Gateway Crescent, Montreal, Quebec, B6J6G4, Canada",Montreal,QC,Canada,Cheryl,Montgomery,Relative,(098) 378-0182,2025-02-09,"Halifax, NS"
Debbie,Chapman,1967-02-11,57,Female,Silver,"7774 Gardner Highway Lane, Kingston, Ontario, E2A5R5, Canada",Kingston,ON,Canada,Michael,Owens,Other,(046) 875-0635,2025-02-09,"Halifax, NS"
Stephen,Chapman,1969-09-10,55,Male,Silver,"7774 Gardner Highway Lane, Kingston, Ontario, E2A5R5, Canada",Kingston,ON,Canada,Michael,Owens,Other,(046) 875-0635,2025-02-09,"Halifax, NS"
Isaiah,Patton,1959-01-13,66,Male,Silver,"6276 Smith Flats Boulevard, Kelowna, British Columbia, B7C 1G4, Canada",Kelowna,BC,Canada,Megan,Johnson,Other,(091) 939-2845,2025-02-09,"Halifax, NS"
Jeremy,Thompson,1976-09-09,48,Male,Gold,"7389 Turner Green Street, Calgary, Alberta, B2S9V1, Canada",Calgary,AB,Canada,Robert,Guerrero,Relative,(233) 865-5963,2025-02-09,"Halifax, NS"
Joshua,Walters,1973-05-08,51,Male,Gold,"7389 Turner Green Street, Calgary, Alberta, B2S9V1, Canada",Calgary,AB,Canada,Robert,Guerrero,Relative,(233) 865-5963,2025-02-09,"Halifax, NS"
Jennifer,Lee,1956-01-19,69,Female,Gold,"9634 Suzanne Gateway Lane, Toronto, Ontario, E2K9T1, Canada",Toronto,ON,Canada,Nathaniel,Clark,Other,(898) 775-1536,2025-02-09,"Halifax, NS"
Michael,Lee,1958-01-18,67,Male,Gold,"9634 Suzanne Gateway Lane, Toronto, Ontario, E2K9T1, Canada",Toronto,ON,Canada,Nathaniel,Clark,Other,(898) 775-1536,2025-02-09,"Halifax, NS"
Brianna,Farrell,1947-06-09,77,Female,Platinum,"6137 Castaneda Islands Boulevard, Sherbrooke, Quebec, H5M 2C8, Canada",Sherbrooke,QC,Canada,Alexander,Floyd,Relative,(259) 999-6636,2025-02-09,"Halifax, NS"
Jennifer,Medina,1952-07-12,72,Female,Silver,"6562 Meghan Rapids Avenue, Montreal, Quebec, G1V1M2, Canada",Montreal,QC,Canada,Mark,Lowe,Relative,(360) 041-2577,2025-02-09,"Halifax, NS"
Cassidy,Medina,1954-04-12,70,Male,Silver,"6562 Meghan Rapids Avenue, Montreal, Quebec, G1V1M2, Canada",Montreal,QC,Canada,Mark,Lowe,Relative,(360) 041-2577,2025-02-09,"Halifax, NS"
Margaret,Hoover,1955-04-23,69,Female,Gold,"5702 Debbie Club Drive, Ottawa, Ontario, R4M3J6, Canada",Ottawa,ON,Canada,James,Stewart,Relative,(495) 013-6497,2025-02-09,"Halifax, NS"
Cynthia,Hoover,1999-08-20,25,Female,Gold,"5702 Debbie Club Drive, Ottawa, Ontario, R4M3J6, Canada",Ottawa,ON,Canada,James,Stewart,Relative,(495) 013-6497,2025-02-09,"Halifax, NS"
David,Parker,1981-01-02,44,Male,Silver,"7941 Carney Courts Boulevard, Surrey, British Columbia, V7X1R4, Canada",Surrey,BC,Canada,Mason,Hodges,Relative,(533) 803-3968,2025-02-09,"Halifax, NS"
Haley,Parker,1983-10-10,41,Female,Silver,"7941 Carney Courts Boulevard, Surrey, British Columbia, V7X1R4, Canada",Surrey,BC,Canada,Mason,Hodges,Relative,(533) 803-3968,2025-02-09,"Halifax, NS"
Latasha,Larson,1982-04-14,42,Female,Platinum,"2659 Melissa Wells Street, Edmonton, Alberta, T2H 3X8, Canada",Edmonton,AB,Canada,Jacqueline,Sullivan,Other,(916) 016-9236,2025-02-09,"Halifax, NS"
Matthew,Hicks,1966-02-12,58,Male,Gold,"3303 George Views Court, Halifax, Nova Scotia, C9B5N7, Canada",Halifax,NS,Canada,Sydney,Sanders,Relative,(183) 626-4488,2025-02-09,"Halifax, NS"
Dana,Hicks,1963-02-13,61,Female,Gold,"3303 George Views Court, Halifax, Nova Scotia, C9B5N7, Canada",Halifax,NS,Canada,Sydney,Sanders,Relative,(183) 626-4488,2025-02-09,"Halifax, NS"
Tyler,Miller,1979-10-17,45,Male,Gold,"2149 Ashley Park Lane, Victoria, British Columbia, S3S 4V3, Canada",Victoria,BC,Canada,Victoria,Juarez,Relative,(555) 535-6690,2025-02-09,"Halifax, NS"
Amanda,Frazier,1948-06-20,76,Female,Silver,"8693 Deborah Vista Court, Red Deer, Alberta, N8E 2R5, Canada",Red Deer,AB,Canada,John,Myers,Relative,(675) 661-8443,2025-02-09,"Halifax, NS"
Sherry,Parsons,1991-10-30,33,Female,Silver,"9355 Lewis Locks Lane, Steinbach, Manitoba, L5L9T2, Canada",Steinbach,MB,Canada,Kenneth,Armstrong,Relative,(676) 492-1518,2025-02-09,"Halifax, NS"
Jacob,Parsons,1987-10-31,37,Male,Silver,"9355 Lewis Locks Lane, Steinbach, Manitoba, L5L9T2, Canada",Steinbach,MB,Canada,Kenneth,Armstrong,Relative,(676) 492-1518,2025-02-09,"Halifax, NS"
Kaitlyn,Thomas,1993-11-10,31,Female,Platinum,"5806 Charles Forest Lane, Toronto, Ontario, G1Y8T4, Canada",Toronto,ON,Canada,Teresa,Thomas,Relative,(143) 598-9262,2025-02-09,"Halifax, NS"
Lisa,Gray,1986-07-27,38,Female,Gold,"8396 Phillip Canyon Drive, London, Ontario, V6V1C7, Canada",London,ON,Canada,Heidi,Cook,Other,(016) 361-1284,2025-02-09,"Halifax, NS"
Mark,Gray,1982-03-21,42,Female,Gold,"8396 Phillip Canyon Drive, London, Ontario, V6V1C7, Canada",London,ON,Canada,Heidi,Cook,Other,(016) 361-1284,2025-02-09,"Halifax, NS"
Christopher,Jackson,1979-02-11,45,Male,Silver,"4768 Clark Mills Terrace, London, Ontario, C1H 2S2, Canada",London,ON,Canada,Jose,Moore,Relative,(269) 405-3967,2025-02-09,"Halifax, NS"
Marcia,Jackson,1973-02-12,51,Female,Silver,"4768 Clark Mills Terrace, London, Ontario, C1H 2S2, Canada",London,ON,Canada,Jose,Moore,Relative,(269) 405-3967,2025-02-09,"Halifax, NS"
Terri,Wolfe,1971-04-30,53,Female,Silver,"9377 Krista Viaduct Court, Montreal, Quebec, R1L 2B7, Canada",Montreal,QC,Canada,Tiffany,Henderson,Relative,(381) 447-4430,2025-02-09,"Halifax, NS"
Whitney,Castillo,1986-07-30,38,Female,Gold,"1522 Rodriguez Ramp Lane, Kingston, Ontario, K2G 4S9, Canada",Kingston,ON,Canada,Lisa,Lopez,Other,(231) 260-4326,2025-02-09,"Halifax, NS"
Eric,Castillo,1984-08-29,40,Male,Gold,"1522 Rodriguez Ramp Lane, Kingston, Ontario, K2G 4S9, Canada",Kingston,ON,Canada,Lisa,Lopez,Other,(231) 260-4326,2025-02-09,"Halifax, NS"
Ellen,Green,1965-07-07,59,Female,Silver,"2383 April Ports Court, Montreal, Quebec, K4L3E9, Canada",Montreal,QC,Canada,Gregory,Jacobs,Other,(426) 945-0053,2025-02-09,"Halifax, NS"
Marcus,Green,1962-03-08,62,Female,Silver,"2383 April Ports Court, Montreal, Quebec, K4L3E9, Canada",Montreal,QC,Canada,Gregory,Jacobs,Other,(426) 945-0053,2025-02-09,"Halifax, NS"
Laurie,Medina,1970-10-01,54,Female,Silver,"9220 Ellis Ports Court, Quebec City, Quebec, X4R 3P2, Canada",Quebec City,QC,Canada,Nicholas,Hamilton,Other,(717) 272-2397,2025-02-09,"Halifax, NS"
Robert,Medina,1971-10-01,53,Male,Silver,"9220 Ellis Ports Court, Quebec City, Quebec, X4R 3P2, Canada",Quebec City,QC,Canada,Nicholas,Hamilton,Other,(717) 272-2397,2025-02-09,"Halifax, NS"
Corey,Collins,1971-03-18,53,Male,Silver,"7055 Shane Turnpike Road, Laval, Quebec, A8V 5A2, Canada",Laval,QC,Canada,Maria,Williams,Relative,(142) 900-1851,2025-02-09,"Halifax, NS"
Joseph,Columbus,1977-02-13,47,Male,Silver,"7055 Shane Turnpike Road, Laval, Quebec, A8V 5A2, Canada",Laval,QC,Canada,Maria,Williams,Relative,(142) 900-1851,2025-02-09,"Halifax, NS"
Timothe,Rivera,1997-04-22,27,Male,Platinum,"7535 Stewart Estate Lane, Kingston, Ontario, E6K 9Y2, Canada",Kingston,ON,Canada,Courtney,Koch,Relative,(314) 519-5151,2025-02-09,"Halifax, NS"
Brandi,Rivera,1993-02-21,31,Female,Platinum,"7535 Stewart Estate Lane, Kingston, Ontario, E6K 9Y2, Canada",Kingston,ON,Canada,Courtney,Koch,Relative,(314) 519-5151,2025-02-09,"Halifax, NS"
Kaitlyn,Hines,1977-10-29,47,Female,Gold,"662 Heather Ridge Terrace, Halifax, Nova Scotia, P3C 3K1, Canada",Halifax,NS,Canada,Shawn,Esparza,Relative,(903) 802-1462,2025-02-09,"Halifax, NS"
Jason,Hines,1974-04-11,50,Male,Gold,"662 Heather Ridge Terrace, Halifax, Nova Scotia, P3C 3K1, Canada",Halifax,NS,Canada,Shawn,Esparza,Relative,(903) 802-1462,2025-02-09,"Halifax, NS"
Valerie,Caldwell,1990-12-23,34,Female,Silver,"4797 Glass Ford Avenue, Saskatoon, Saskatchewan, V8S8K3, Canada",Saskatoon,SK,Canada,Tiffany,Thomas,Relative,(590) 960-5673,2025-02-09,"Halifax, NS"
Mark,Caldwell,1981-05-27,43,Male,Silver,"4797 Glass Ford Avenue, Saskatoon, Saskatchewan, V8S8K3, Canada",Saskatoon,SK,Canada,Tiffany,Thomas,Relative,(590) 960-5673,2025-02-09,"Halifax, NS"
Todd,Nelson,1982-01-27,43,Male,Gold,"3726 Dunn Ports Crescent, Hamilton, Ontario, X5R4L8, Canada",Hamilton,ON,Canada,Tom,Olson,Other,(265) 960-8931,2025-02-09,"Halifax, NS"
Alisha,Nelson,1985-08-29,39,Female,Gold,"3726 Dunn Ports Crescent, Hamilton, Ontario, X5R4L8, Canada",Hamilton,ON,Canada,Tom,Olson,Other,(265) 960-8931,2025-02-09,"Halifax, NS"
Rebecca,Beck,2000-09-30,24,Female,Gold,"139 Victor Vista Street, Kingston, Ontario, J3H 6H5, Canada",Kingston,ON,Canada,Patricia,Burke,Relative,(533) 905-5044,2025-02-09,"Halifax, NS"
Derek,Lyons,1945-06-02,79,Male,Silver,"5084 Reed Avenue Court, Sherbrooke, Quebec, H2M8K8, Canada",Sherbrooke,QC,Canada,Marc,Buckley,Relative,(111) 096-1798,2025-02-09,"Halifax, NS"
Katherine,Lyons,1946-05-28,78,Female,Silver,"5084 Reed Avenue Court, Sherbrooke, Quebec, H2M8K8, Canada",Sherbrooke,QC,Canada,Marc,Buckley,Relative,(111) 096-1798,2025-02-09,"Halifax, NS"
Darryl,Long,1993-05-30,31,Male,Silver,"3983 Benjamin Locks Boulevard, Lethbridge, Alberta, C2C 8V8, Canada",Lethbridge,AB,Canada,Mark,Watkins,Relative,(981) 960-2752,2025-02-09,"Halifax, NS"
April,Long,1993-08-19,31,Female,Silver,"3983 Benjamin Locks Boulevard, Lethbridge, Alberta, C2C 8V8, Canada",Lethbridge,AB,Canada,Mark,Watkins,Relative,(981) 960-2752,2025-02-09,"Halifax, NS"
Megan,Pittman,1958-05-20,66,Female,Silver,"214 Swanson Throughway Terrace, Kingston, Ontario, Y2L 3P3, Canada",Kingston,ON,Canada,Robert,Gutierrez,Other,(572) 240-2990,2025-02-09,"Halifax, NS"
Donald,Pittman,1955-05-21,69,Male,Silver,"214 Swanson Throughway Terrace, Kingston, Ontario, Y2L 3P3, Canada",Kingston,ON,Canada,Robert,Gutierrez,Other,(572) 240-2990,2025-02-09,"Halifax, NS"
Joshua,Hayden,1949-05-15,75,Male,Silver,"2811 Jennifer Locks Avenue, Kingston, Ontario, L1L6N1, Canada",Kingston,ON,Canada,Jason,Munoz,Relative,(125) 625-3135,2025-02-09,"Halifax, NS"
Samantha,Hayden,1952-02-11,72,Female,Silver,"2811 Jennifer Locks Avenue, Kingston, Ontario, L1L6N1, Canada",Kingston,ON,Canada,Jason,Munoz,Relative,(125) 625-3135,2025-02-09,"Halifax, NS"
William,Barker,1981-09-11,43,Male,Silver,"3360 Jenna Mission Street, Red Deer, Alberta, H1E 4P3, Canada",Red Deer,AB,Canada,Emily,Flores,Relative,(077) 046-1172,2025-02-09,"Halifax, NS"
Stephanie,Barker,1985-01-22,40,Female,Silver,"3360 Jenna Mission Street, Red Deer, Alberta, H1E 4P3, Canada",Red Deer,AB,Canada,Emily,Flores,Relative,(077) 046-1172,2025-02-09,"Halifax, NS"
Brittany,Williams,1984-12-10,40,Female,Silver,"8037 Johnson Underpass Road, Hamilton, Ontario, P2E9E3, Canada",Hamilton,ON,Canada,Eric,Baker,Relative,(229) 712-5296,2025-02-09,"Halifax, NS"
Peter,Williams,1982-03-11,42,Female,Silver,"8037 Johnson Underpass Road, Hamilton, Ontario, P2E9E3, Canada",Hamilton,ON,Canada,Eric,Baker,Relative,(229) 712-5296,2025-02-09,"Halifax, NS"
Caleb,Lane,1982-08-13,42,Male,Gold,"6800 Matthew Mountains Drive, Toronto, Ontario, N7C 7L3, Canada",Toronto,ON,Canada,Kevin,Rose,Relative,(235) 679-8363,2025-02-09,"Halifax, NS"
Kerry,Lane,1987-07-27,37,Female,Gold,"6800 Matthew Mountains Drive, Toronto, Ontario, N7C 7L3, Canada",Toronto,ON,Canada,Kevin,Rose,Relative,(235) 679-8363,2025-02-09,"Halifax, NS"
Billy,Lynn,1959-10-16,65,Male,Silver,"9875 Burns Grove Avenue, Toronto, Ontario, Y5L2A7, Canada",Toronto,ON,Canada,Katie,Brown,Other,(663) 436-2948,2025-02-09,"Halifax, NS"
Francesca,Lynn,1954-12-01,70,Female,Silver,"9875 Burns Grove Avenue, Toronto, Ontario, Y5L2A7, Canada",Toronto,ON,Canada,Katie,Brown,Other,(663) 436-2948,2025-02-09,"Halifax, NS"
Sean,Lucas,1996-10-05,28,Male,Silver,"4654 David Square Terrace, Quebec City, Quebec, V7J1E1, Canada",Quebec City,QC,Canada,Stephen,Lyons,Relative,(473) 235-4940,2025-02-09,"Halifax, NS"
Laura,Lucas,1997-11-25,27,Female,Silver,"4654 David Square Terrace, Quebec City, Quebec, V7J1E1, Canada",Quebec City,QC,Canada,Stephen,Lyons,Relative,(473) 235-4940,2025-02-09,"Halifax, NS"
Chad,Woods,1980-07-12,44,Male,Gold,"6563 Wong Parkways Road, Toronto, Ontario, V5J3J9, Canada",Toronto,ON,Canada,Tracy,Aguilar,Relative,(094) 388-2211,2025-02-09,"Halifax, NS"
Christopher,Flowers,1961-02-22,63,Male,Gold,"4590 Yates Cliffs Avenue, Brandon, Manitoba, G2P2G5, Canada",Brandon,MB,Canada,Roger,Martinez,Relative,(004) 254-8821,2025-02-09,"Halifax, NS"
Christian,Flowers,1966-11-21,58,Male,Gold,"4590 Yates Cliffs Avenue, Brandon, Manitoba, G2P2G5, Canada",Brandon,MB,Canada,Roger,Martinez,Relative,(004) 254-8821,2025-02-09,"Halifax, NS"
Lisa,Reynolds,1961-06-25,63,Female,Silver,"6291 Hall Courts Court, Montreal, Quebec, P9E 7K3, Canada",Montreal,QC,Canada,Meghan,Morris,Other,(234) 268-3441,2025-02-09,"Halifax, NS"
David,Reynolds,1960-05-21,64,Male,Silver,"6291 Hall Courts Court, Montreal, Quebec, P9E 7K3, Canada",Montreal,QC,Canada,Meghan,Morris,Other,(234) 268-3441,2025-02-09,"Halifax, NS"
Emily,Lin,1992-11-22,32,Female,Gold,"7861 William Shore Terrace, Ottawa, Ontario, G6L3M3, Canada",Ottawa,ON,Canada,Barbara,Davis,Relative,(170) 876-0146,2025-02-09,"Halifax, NS"
Carla,Wilkins,1998-07-11,26,Female,Gold,"665 Mayo Trail Lane, Toronto, Ontario, E8G 1N4, Canada",Toronto,ON,Canada,Robert,Marshall,Other,(960) 940-9705,2025-02-09,"Halifax, NS"
Steven,Christian,1964-05-22,60,Male,Silver,"7396 Carl Plain Road, Laval, Quebec, R1E 8Y8, Canada",Laval,QC,Canada,Andrew,Brady,Relative,(251) 762-9833,2025-02-09,"Halifax, NS"
David,Shelton,1986-01-12,39,Male,Gold,"3999 Ronald Trail Boulevard, Sydney, Nova Scotia, K6L7J7, Canada",Sydney,NS,Canada,Nicholas,Bartlett,Relative,(978) 559-8217,2025-02-09,"Halifax, NS"
Andrea,Sawyer,1975-01-24,50,Female,Silver,"7479 Linda Row Road, Quebec City, Quebec, B6M1V3, Canada",Quebec City,QC,Canada,Kenneth,Castaneda,Relative,(908) 197-4005,2025-02-09,"Halifax, NS"
Brad,Sawyer,1973-11-05,51,Male,Silver,"7479 Linda Row Road, Quebec City, Quebec, B6M1V3, Canada",Quebec City,QC,Canada,Kenneth,Castaneda,Relative,(908) 197-4005,2025-02-09,"Halifax, NS"
Carl,Sawyer,2007-06-30,17,Male,Silver,"7479 Linda Row Road, Quebec City, Quebec, B6M1V3, Canada",Quebec City,QC,Canada,Kenneth,Castaneda,Relative,(908) 197-4005,2025-02-09,"Halifax, NS"
Mary,Miller,1982-07-13,42,Female,Gold,"8652 Vanessa Rapids Drive, Dartmouth, Nova Scotia, G1L 7K3, Canada",Dartmouth,NS,Canada,Vincent,Castillo,Relative,(360) 914-9851,2025-02-09,"Halifax, NS"
Rebecca,Miller,2016-08-23,8,Female,Gold,"8652 Vanessa Rapids Drive, Dartmouth, Nova Scotia, G1L 7K3, Canada",Dartmouth,NS,Canada,Vincent,Castillo,Relative,(360) 914-9851,2025-02-09,"Halifax, NS"
Tiffany,Green,1988-03-03,36,Female,Silver,"8001 Monique Manors Road, Edmonton, Alberta, Y9K 7H7, Canada",Edmonton,AB,Canada,Alexis,Kirk,Relative,(351) 187-1813,2025-02-09,"Halifax, NS"
Kristin,Green,1984-12-21,40,Female,Silver,"8001 Monique Manors Road, Edmonton, Alberta, Y9K 7H7, Canada",Edmonton,AB,Canada,Alexis,Kirk,Relative,(351) 187-1813,2025-02-09,"Halifax, NS"
Andrew,Green,2009-05-27,15,Male,Silver,"8001 Monique Manors Road, Edmonton, Alberta, Y9K 7H7, Canada",Edmonton,AB,Canada,Alexis,Kirk,Relative,(351) 187-1813,2025-02-09,"Halifax, NS"
James,Carter,1971-06-01,53,Male,Silver,"6815 Brown Road Avenue, Kingston, Ontario, K1H9C6, Canada",Kingston,ON,Canada,Ronald,Hatfield,Relative,(369) 294-4551,2025-02-09,"Halifax, NS"
Megan,Carter,1974-04-10,50,Female,Silver,"6815 Brown Road Avenue, Kingston, Ontario, K1H9C6, Canada",Kingston,ON,Canada,Ronald,Hatfield,Relative,(369) 294-4551,2025-02-09,"Halifax, NS"
Kayla,Carter,2013-03-31,11,Female,Silver,"6815 Brown Road Avenue, Kingston, Ontario, K1H9C6, Canada",Kingston,ON,Canada,Ronald,Hatfield,Relative,(369) 294-4551,2025-02-09,"Halifax, NS"
Keith,Carter,2006-09-30,18,Male,Silver,"6815 Brown Road Avenue, Kingston, Ontario, K1H9C6, Canada",Kingston,ON,Canada,Ronald,Hatfield,Relative,(369) 294-4551,2025-02-09,"Halifax, NS"
Bethany,Yoder,1986-03-10,38,Female,Gold,"3365 Warren Ramp Lane, Surrey, British Columbia, E3M 5M5, Canada",Surrey,BC,Canada,Justin,Joseph,Relative,(559) 991-0157,2025-02-09,"Halifax, NS"
Stephen,Yoder,1985-06-06,39,Male,Gold,"3365 Warren Ramp Lane, Surrey, British Columbia, E3M 5M5, Canada",Surrey,BC,Canada,Justin,Joseph,Relative,(559) 991-0157,2025-02-09,"Halifax, NS"
Gabrielle,Rodriguez,1972-08-29,52,Female,Gold,"6637 Sara Throughway Terrace, Kingston, Ontario, C9T 7X3, Canada",Kingston,ON,Canada,Kelly,Cox,Relative,(286) 342-5563,2025-02-09,"Halifax, NS"
Raymond,Rodriguez,1971-12-30,53,Male,Gold,"6637 Sara Throughway Terrace, Kingston, Ontario, C9T 7X3, Canada",Kingston,ON,Canada,Kelly,Cox,Relative,(286) 342-5563,2025-02-09,"Halifax, NS"
Diane,Garcia,1974-06-25,50,Female,Gold,"1498 John Cove Boulevard, Hamilton, Ontario, X6R 2Y6, Canada",Hamilton,ON,Canada,Anna,Chapman,Relative,(680) 447-3149,2025-02-09,"Halifax, NS"
Jesse,Hodges,1950-04-25,74,Male,Silver,"3055 Alicia Flats Terrace, Laval, Quebec, L2K3J6, Canada",Laval,QC,Canada,Wendy,Miller,Relative,(616) 202-8123,2025-02-09,"Halifax, NS"
Jason,Williams,1987-05-14,37,Male,Platinum,"2200 Larsen Hill Boulevard, Lethbridge, Alberta, C6K1M9, Canada",Lethbridge,AB,Canada,Michael,Lang,Other,(477) 352-2870,2025-02-09,"Halifax, NS"
Kelly,Williams,1987-11-23,37,Female,Platinum,"2200 Larsen Hill Boulevard, Lethbridge, Alberta, C6K1M9, Canada",Lethbridge,AB,Canada,Michael,Lang,Other,(477) 352-2870,2025-02-09,"Halifax, NS"
Charlie,Rivera,1960-02-19,64,Male,Gold,"9372 Rodney Crest Avenue, Surrey, British Columbia, J7E 6X4, Canada",Surrey,BC,Canada,Erin,Mason,Relative,(386) 667-5485,2025-02-09,"Halifax, NS"
Jennifer,Rivera,1961-01-08,64,Female,Gold,"9372 Rodney Crest Avenue, Surrey, British Columbia, J7E 6X4, Canada",Surrey,BC,Canada,Erin,Mason,Relative,(386) 667-5485,2025-02-09,"Halifax, NS"
Amy,Wells,1984-09-21,40,Female,Silver,"2975 Alexander Stream Crescent, Toronto, Ontario, A1V 9R4, Canada",Toronto,ON,Canada,Traci,Bender,Relative,(922) 501-4257,2025-02-09,"Halifax, NS"
Jonathan,Wells,1984-02-11,40,Male,Silver,"2975 Alexander Stream Crescent, Toronto, Ontario, A1V 9R4, Canada",Toronto,ON,Canada,Traci,Bender,Relative,(922) 501-4257,2025-02-09,"Halifax, NS"
Tiffany,Wells,2012-10-22,12,Female,Silver,"2975 Alexander Stream Crescent, Toronto, Ontario, A1V 9R4, Canada",Toronto,ON,Canada,Traci,Bender,Relative,(922) 501-4257,2025-02-09,"Halifax, NS"
Brandon,Turner,1938-04-15,86,Male,Silver,"2163 Miguel Club Crescent, Montreal, Quebec, M6V 9L5, Canada",Montreal,QC,Canada,Pamela,Davis,Relative,(526) 546-9681,2025-02-09,"Halifax, NS"
Edward,Parrish,1977-01-11,48,Male,Silver,"9393 David Square Lane, Kelowna, British Columbia, Y4B6H5, Canada",Kelowna,BC,Canada,Nicholas,Schmidt,Relative,(122) 764-5793,2025-02-09,"Halifax, NS"
Dustin,Hall,1971-01-13,54,Male,Silver,"9393 David Square Lane, Kelowna, British Columbia, Y4B6H5, Canada",Kelowna,BC,Canada,Nicholas,Schmidt,Relative,(122) 764-5793,2025-02-09,"Halifax, NS"
Joshua,Smith,1976-03-15,48,Male,Platinum,"9022 Lori Throughway Court, Laval, Quebec, T4P9E9, Canada",Laval,QC,Canada,Timothy,Smith,Relative,(738) 264-6091,2025-02-09,"Halifax, NS"
Danielle,Kaufman,1948-12-12,76,Female,Silver,"2343 Smith Cape Court, Hamilton, Ontario, Y9R8L6, Canada",Hamilton,ON,Canada,Kimberly,Baldwin,Relative,(704) 605-6876,2025-02-09,"Halifax, NS"
Kathleen,Thomas,1986-02-06,39,Female,Silver,"5584 Paige Cliffs Lane, Kelowna, British Columbia, H5Y 9L1, Canada",Kelowna,BC,Canada,David,Phillips,Relative,(949) 022-8403,2025-02-09,"Halifax, NS"
Mark,Thomas,1983-11-30,41,Male,Silver,"5584 Paige Cliffs Lane, Kelowna, British Columbia, H5Y 9L1, Canada",Kelowna,BC,Canada,David,Phillips,Relative,(949) 022-8403,2025-02-09,"Halifax, NS"
Caitlyn,Parker,1987-03-07,37,Female,Gold,"5550 Howard Ranch Road, Sherbrooke, Quebec, Y4B1Y7, Canada",Sherbrooke,QC,Canada,Steven,Compton,Other,(856) 728-7276,2025-02-09,"Halifax, NS"
Jeremy,Parker,1982-09-06,42,Male,Gold,"5550 Howard Ranch Road, Sherbrooke, Quebec, Y4B1Y7, Canada",Sherbrooke,QC,Canada,Steven,Compton,Other,(856) 728-7276,2025-02-09,"Halifax, NS"
Jason,Parker,2014-08-18,10,Male,Gold,"5550 Howard Ranch Road, Sherbrooke, Quebec, Y4B1Y7, Canada",Sherbrooke,QC,Canada,Steven,Compton,Other,(856) 728-7276,2025-02-09,"Halifax, NS"
Troy,Baker,1968-06-28,56,Male,Silver,"8432 Becky Mountains Drive, London, Ontario, T2T 6G6, Canada",London,ON,Canada,Jeremy,Alvarez,Relative,(893) 974-9096,2025-02-09,"Halifax, NS"
Holly,Baker,1973-09-17,51,Female,Silver,"8432 Becky Mountains Drive, London, Ontario, T2T 6G6, Canada",London,ON,Canada,Jeremy,Alvarez,Relative,(893) 974-9096,2025-02-09,"Halifax, NS"
Michael,Gay,1954-11-14,70,Male,Silver,"5339 Sheppard Gateway Court, Kingston, Ontario, X8M 9S5, Canada",Kingston,ON,Canada,Steven,Hicks,Relative,(417) 582-3133,2025-02-09,"Halifax, NS"
Shelby,Gay,1951-12-04,73,Female,Silver,"5339 Sheppard Gateway Court, Kingston, Ontario, X8M 9S5, Canada",Kingston,ON,Canada,Steven,Hicks,Relative,(417) 582-3133,2025-02-09,"Halifax, NS"
Antonio,Smith,1985-02-15,39,Male,Silver,"144 Sherri Trail Road, Montreal, Quebec, C2M 7B1, Canada",Montreal,QC,Canada,Gabriel,Castillo,Other,(734) 996-0105,2025-02-09,"Halifax, NS"
Timothy,Kim,1963-04-15,61,Male,Silver,"1644 Diaz Camp Drive, Hamilton, Ontario, T9H4G6, Canada",Hamilton,ON,Canada,Jill,Wilkerson,Relative,(573) 755-3449,2025-02-09,"Halifax, NS"
Eric,Perry,1983-02-26,41,Male,Gold,"9468 Brenda Keys Drive, Ottawa, Ontario, A9S 7X9, Canada",Ottawa,ON,Canada,Marissa,Perez,Relative,(045) 023-2902,2025-02-09,"Halifax, NS"
Jennifer,Perry,1981-05-16,43,Female,Gold,"9468 Brenda Keys Drive, Ottawa, Ontario, A9S 7X9, Canada",Ottawa,ON,Canada,Marissa,Perez,Relative,(045) 023-2902,2025-02-09,"Halifax, NS"
Derrick,Chase,1956-02-11,68,Male,Silver,"356 Andrew Hollow Drive, Halifax, Nova Scotia, C1H2H9, Canada",Halifax,NS,Canada,Jose,Trujillo,Relative,(311) 649-1334,2025-02-09,"Halifax, NS"
Janice,Chase,1956-05-28,68,Female,Silver,"356 Andrew Hollow Drive, Halifax, Nova Scotia, C1H2H9, Canada",Halifax,NS,Canada,Jose,Trujillo,Relative,(311) 649-1334,2025-02-09,"Halifax, NS"
Jackson,Barnett,2001-03-04,23,Male,Gold,"7502 David Drive Court, Laval, Quebec, Y7H6A2, Canada",Laval,QC,Canada,Ruth,Ray,Relative,(487) 148-5524,2025-02-09,"Halifax, NS"
James,Garcia,1980-05-31,44,Female,Gold,"855 Melinda Corner Terrace, Sherbrooke, Quebec, B5K4C9, Canada",Sherbrooke,QC,Canada,Michael,Barnett,Other,(991) 062-2723,2025-02-09,"Halifax, NS"
Angela,Garcia,1979-06-01,45,Female,Gold,"855 Melinda Corner Terrace, Sherbrooke, Quebec, B5K4C9, Canada",Sherbrooke,QC,Canada,Michael,Barnett,Other,(991) 062-2723,2025-02-09,"Halifax, NS"
Troy,Vargas,1956-02-15,68,Male,Silver,"3509 Sean Tunnel Drive, Kingston, Ontario, X1P 6Y5, Canada",Kingston,ON,Canada,Brittany,Beard,Relative,(176) 927-4381,2025-02-09,"Halifax, NS"
Jocelyn,Hill,1964-09-11,60,Female,Gold,"7521 Horne Ridges Court, Nanaimo, British Columbia, X2M5K4, Canada",Nanaimo,BC,Canada,Marc,Fowler,Relative,(575) 225-0139,2025-02-09,"Halifax, NS"
Victor,Hill,1964-02-23,60,Male,Gold,"7521 Horne Ridges Court, Nanaimo, British Columbia, X2M5K4, Canada",Nanaimo,BC,Canada,Marc,Fowler,Relative,(575) 225-0139,2025-02-09,"Halifax, NS"
William,Fowler,1963-06-30,61,Male,Gold,"2043 Wells Wells Boulevard, Sherbrooke, Quebec, E7J 1E1, Canada",Sherbrooke,QC,Canada,Melissa,Fowler,Relative,(351) 161-5594,2025-02-10,"Halifax, NS"
Wendy,Fowler,1960-06-30,64,Female,Gold,"2043 Wells Wells Boulevard, Sherbrooke, Quebec, E7J 1E1, Canada",Sherbrooke,QC,Canada,Melissa,Fowler,Relative,(351) 161-5594,2025-02-10,"Halifax, NS"
Steven,Walter,1996-10-01,28,Male,Silver,"139 Victor Vista Street, Kingston, Ontario, J3H 6H5, Canada",Kingston,ON,Canada,Arthur,James,Relative,(018) 451-4627,2025-02-10,"Halifax, NS"
Sophia,Stanton,1957-04-26,67,Female,Gold,"4849 Trujillo Glens Street, Montreal, Quebec, J3S9G7, Canada",Montreal,QC,Canada,Sandra,Parker,Relative,(391) 171-8227,2025-02-10,"Halifax, NS"
Jennifer,Baker,1991-08-04,33,Female,Silver,"4388 Lopez Extensions Crescent, Nanaimo, British Columbia, R4C 4V4, Canada",Nanaimo,BC,Canada,Andre,Rivera,Relative,(299) 737-6311,2025-02-10,"Halifax, NS"
Charles,Baker,1996-08-02,28,Male,Silver,"4388 Lopez Extensions Crescent, Nanaimo, British Columbia, R4C 4V4, Canada",Nanaimo,BC,Canada,Andre,Rivera,Relative,(299) 737-6311,2025-02-10,"Halifax, NS"
Joseph,Baker,2014-02-21,10,Male,Silver,"4388 Lopez Extensions Crescent, Nanaimo, British Columbia, R4C 4V4, Canada",Nanaimo,BC,Canada,Andre,Rivera,Relative,(299) 737-6311,2025-02-10,"Halifax, NS"
Laura,Chandler,1986-11-21,38,Female,Gold,"1329 Ray Walk Court, Sherbrooke, Quebec, S4P 1T6, Canada",Sherbrooke,QC,Canada,Sarah,Martin,Relative,(260) 647-4687,2025-02-10,"Halifax, NS"
Shelby,Chandler,1985-11-21,39,Female,Gold,"1329 Ray Walk Court, Sherbrooke, Quebec, S4P 1T6, Canada",Sherbrooke,QC,Canada,Sarah,Martin,Relative,(260) 647-4687,2025-02-10,"Halifax, NS"
Keith,Chandler,2004-10-21,20,Male,Gold,"1329 Ray Walk Court, Sherbrooke, Quebec, S4P 1T6, Canada",Sherbrooke,QC,Canada,Sarah,Martin,Relative,(260) 647-4687,2025-02-10,"Halifax, NS"
Maria,Brown,1970-10-07,54,Female,Silver,"5322 Walsh Course Lane, Surrey, British Columbia, C2B 5M8, Canada",Surrey,BC,Canada,Matthew,Cunningham,Other,(624) 751-0799,2025-02-10,"Halifax, NS"
Mary,Brown,1969-10-07,55,Female,Silver,"5322 Walsh Course Lane, Surrey, British Columbia, C2B 5M8, Canada",Surrey,BC,Canada,Matthew,Cunningham,Other,(624) 751-0799,2025-02-10,"Halifax, NS"
Rachel,Baker,1994-02-19,30,Female,Silver,"9126 Benjamin Circles Drive, London, Ontario, G1B9P4, Canada",London,ON,Canada,William,Roman,Relative,(411) 824-4935,2025-02-10,"Halifax, NS"
Teresa,Baker,1997-02-18,27,Female,Silver,"9126 Benjamin Circles Drive, London, Ontario, G1B9P4, Canada",London,ON,Canada,William,Roman,Relative,(411) 824-4935,2025-02-10,"Halifax, NS"
Mark,Smith,1996-02-17,28,Male,Platinum,"2969 Laura Road Avenue, Kingston, Ontario, E5N5T8, Canada",Kingston,ON,Canada,Richard,Henson,Other,(602) 563-4216,2025-02-10,"Halifax, NS"
Evelyn,Smith,2002-02-15,22,Female,Platinum,"2969 Laura Road Avenue, Kingston, Ontario, E5N5T8, Canada",Kingston,ON,Canada,Richard,Henson,Other,(602) 563-4216,2025-02-10,"Halifax, NS"
Anthony,Calhoun,1991-09-11,33,Male,Platinum,"9726 Clark Points Boulevard, Kelowna, British Columbia, V2G 8K1, Canada",Kelowna,BC,Canada,Gabriel,Juarez,Relative,(708) 053-1003,2025-02-10,"Halifax, NS"
Nicole,Calhoun,2015-12-27,9,Female,Platinum,"9726 Clark Points Boulevard, Kelowna, British Columbia, V2G 8K1, Canada",Kelowna,BC,Canada,Gabriel,Juarez,Relative,(708) 053-1003,2025-02-10,"Halifax, NS"
Michael,Calhoun,2015-11-26,9,Male,Platinum,"9726 Clark Points Boulevard, Kelowna, British Columbia, V2G 8K1, Canada",Kelowna,BC,Canada,Gabriel,Juarez,Relative,(708) 053-1003,2025-02-10,"Halifax, NS"
Jonathan,Marshall,1951-02-27,73,Male,Silver,"8563 Jesse Crescent Avenue, Montreal, Quebec, E9S 8T6, Canada",Montreal,QC,Canada,Mary,Jones,Other,(165) 726-2849,2025-02-10,"Halifax, NS"
David,Hampton,1987-08-27,37,Male,Gold,"8360 Larson Shores Boulevard, Quebec City, Quebec, K4Y3Y8, Canada",Quebec City,QC,Canada,Travis,Miller,Other,(777) 014-3634,2025-02-10,"Halifax, NS"
Amber,Hampton,1991-08-26,33,Female,Gold,"8360 Larson Shores Boulevard, Quebec City, Quebec, K4Y3Y8, Canada",Quebec City,QC,Canada,Travis,Miller,Other,(777) 014-3634,2025-02-10,"Halifax, NS"
Tammy,Cooper,1982-08-04,42,Female,Gold,"6217 Gray Springs Street, Nanaimo, British Columbia, E7Y 2E7, Canada",Nanaimo,BC,Canada,Melissa,Lee,Relative,(941) 343-5240,2025-02-10,"Halifax, NS"
Rene,Cooper,1979-08-05,45,Male,Gold,"6217 Gray Springs Street, Nanaimo, British Columbia, E7Y 2E7, Canada",Nanaimo,BC,Canada,Melissa,Lee,Relative,(941) 343-5240,2025-02-10,"Halifax, NS"
Steven,Brown,1965-06-10,59,Male,Silver,"8933 Davies Cape Terrace, Hamilton, Ontario, H4S3Y8, Canada",Hamilton,ON,Canada,Juan,Moore,Relative,(344) 713-4936,2025-02-10,"Halifax, NS"
Jemaine,Murray,1950-07-28,74,Male,Silver,"5532 Beverly Spur Lane, London, Ontario, K1P1E1, Canada",London,ON,Canada,Bruce,Collier,Relative,(773) 782-6398,2025-02-10,"Halifax, NS"
Jessica,Murray,1954-07-27,70,Female,Silver,"5532 Beverly Spur Lane, London, Ontario, K1P1E1, Canada",London,ON,Canada,Bruce,Collier,Relative,(773) 782-6398,2025-02-10,"Halifax, NS"
Julie,Barton,1997-01-12,28,Female,Silver,"5491 Gonzalez Place Court, Toronto, Ontario, R1P6L5, Canada",Toronto,ON,Canada,James,Chase,Other,(270) 289-5171,2025-02-10,"Halifax, NS"
Rebecca,Jimenez,1941-07-09,83,Female,Silver,"3745 Frye Pine Crescent, Regina, Saskatchewan, P5G 5J5, Canada",Regina,SK,Canada,James,Webb,Other,(695) 944-0640,2025-02-10,"Halifax, NS"
William,Lozano,1988-07-13,36,Male,Silver,"8796 Allen Manors Court, Kelowna, British Columbia, L9K 6C2, Canada",Kelowna,BC,Canada,Richard,Walter,Other,(247) 451-7123,2025-02-10,"Halifax, NS"
Regina,Lozano,1991-02-22,33,Female,Silver,"8796 Allen Manors Court, Kelowna, British Columbia, L9K 6C2, Canada",Kelowna,BC,Canada,Richard,Walter,Other,(247) 451-7123,2025-02-10,"Halifax, NS"
Donald,Barnes,1987-03-25,37,Male,Platinum,"7311 Ferrell Pass Street, Nanaimo, British Columbia, P7G 4E9, Canada",Nanaimo,BC,Canada,Colton,Martinez,Other,(005) 329-3183,2025-02-10,"Halifax, NS"
Louisa,Barnes,1992-03-23,32,Female,Platinum,"7311 Ferrell Pass Street, Nanaimo, British Columbia, P7G 4E9, Canada",Nanaimo,BC,Canada,Colton,Martinez,Other,(005) 329-3183,2025-02-10,"Halifax, NS"
Jordan,Smith,1981-03-06,43,Male,Silver,"1363 Ayala Brook Lane, Laval, Quebec, S2P2S9, Canada",Laval,QC,Canada,Karen,Strickland,Other,(908) 470-0766,2025-02-10,"Halifax, NS"
Dawn,Smith,1978-03-07,46,Female,Silver,"1363 Ayala Brook Lane, Laval, Quebec, S2P2S9, Canada",Laval,QC,Canada,Karen,Strickland,Other,(908) 470-0766,2025-02-10,"Halifax, NS"
Robin,Cain,1994-03-26,30,Female,Silver,"7077 Salinas Forges Avenue, Nanaimo, British Columbia, G2X3K1, Canada",Nanaimo,BC,Canada,Holly,Farmer,Relative,(368) 998-0940,2025-02-10,"Halifax, NS"
Joyce,Dorsey,1966-07-27,58,Female,Gold,"8100 Potter Pike Crescent, Sherbrooke, Quebec, C3S 1C6, Canada",Sherbrooke,QC,Canada,Anthony,Moore,Other,(767) 976-4381,2025-02-10,"Halifax, NS"
Eric,Dorsey,1965-07-27,59,Male,Gold,"8100 Potter Pike Crescent, Sherbrooke, Quebec, C3S 1C6, Canada",Sherbrooke,QC,Canada,Anthony,Moore,Other,(767) 976-4381,2025-02-10,"Halifax, NS"
Troy,Lee,1989-08-07,35,Male,Gold,"6055 Lori Turnpike Avenue, Toronto, Ontario, N2M 7X2, Canada",Toronto,ON,Canada,Michael,Weber,Other,(706) 537-9473,2025-02-10,"Halifax, NS"
Douglas,Lee,1990-08-07,34,Male,Gold,"6055 Lori Turnpike Avenue, Toronto, Ontario, N2M 7X2, Canada",Toronto,ON,Canada,Michael,Weber,Other,(706) 537-9473,2025-02-10,"Halifax, NS"
Laura,Joyce,1997-12-27,27,Female,Silver,"2555 Fuentes Lock Street, Toronto, Ontario, H8S 3S7, Canada",Toronto,ON,Canada,Anna,Lozano,Relative,(068) 536-1530,2025-02-10,"Halifax, NS"
Christopher,Joyce,1991-12-29,33,Male,Silver,"2555 Fuentes Lock Street, Toronto, Ontario, H8S 3S7, Canada",Toronto,ON,Canada,Anna,Lozano,Other,(068) 536-1530,2025-02-10,"Halifax, NS"
Jennifer,Horton,1981-10-06,43,Female,Silver,"5436 Garrison Square Court, London, Ontario, H9T5S8, Canada",London,ON,Canada,Lynn,Andrews,Other,(095) 396-2185,2025-02-10,"Halifax, NS"
Andrew,Horton,1986-10-05,38,Male,Silver,"5436 Garrison Square Court, London, Ontario, H9T5S8, Canada",London,ON,Canada,Lynn,Andrews,Other,(095) 396-2185,2025-02-10,"Halifax, NS"
Lindsay,Spencer,1946-10-16,78,Female,Platinum,"5386 Powers Inlet Crescent, London, Ontario, R7P 8C7, Canada",London,ON,Canada,Chad,Baldwin,Relative,(030) 548-6874,2025-02-10,"Halifax, NS"
Jonathan,Spencer,1948-10-15,76,Male,Platinum,"5386 Powers Inlet Crescent, London, Ontario, R7P 8C7, Canada",London,ON,Canada,Chad,Baldwin,Relative,(030) 548-6874,2025-02-10,"Halifax, NS"
Linda,Martinez,1984-01-16,41,Female,Platinum,"3714 Nguyen Extension Boulevard, Edmonton, Alberta, S2V 1E8, Canada",Edmonton,AB,Canada,Courtney,Meza,Other,(424) 981-8299,2025-02-10,"Halifax, NS"
Steven,Martinez,1986-01-15,39,Male,Platinum,"3714 Nguyen Extension Boulevard, Edmonton, Alberta, S2V 1E8, Canada",Edmonton,AB,Canada,Courtney,Meza,Other,(424) 981-8299,2025-02-10,"Halifax, NS"
Jared,Hester,1952-01-10,73,Male,Gold,"4470 Stephanie Loop Court, Winnipeg, Manitoba, J5S4A7, Canada",Winnipeg,MB,Canada,Julie,Koch,Other,(687) 339-5004,2025-02-10,"Halifax, NS"
Tina,Hester,1949-01-10,76,Female,Gold,"4470 Stephanie Loop Court, Winnipeg, Manitoba, J5S4A7, Canada",Winnipeg,MB,Canada,Julie,Koch,Other,(687) 339-5004,2025-02-10,"Halifax, NS"
Rhonda,Knapp,1949-02-14,75,Female,Gold,"1689 Padilla Road Road, Nanaimo, British Columbia, H7T2P8, Canada",Nanaimo,BC,Canada,Douglas,Evans,Other,(758) 441-9866,2025-02-10,"Halifax, NS"
Cesar,Knapp,1952-02-14,72,Male,Gold,"1689 Padilla Road Road, Nanaimo, British Columbia, H7T2P8, Canada",Nanaimo,BC,Canada,Douglas,Evans,Other,(758) 441-9866,2025-02-10,"Halifax, NS"
Glen,Pearson,1964-05-13,60,Female,Gold,"7401 Dean Ports Drive, Lethbridge, Alberta, M5N9N8, Canada",Lethbridge,AB,Canada,Todd,Pearson,Relative,(152) 742-0549,2025-02-10,"Halifax, NS"
Sarah,Pearson,1967-05-13,57,Female,Gold,"7401 Dean Ports Drive, Lethbridge, Alberta, M5N9N8, Canada",Lethbridge,AB,Canada,Todd,Pearson,Relative,(152) 742-0549,2025-02-10,"Halifax, NS"
Courtney,Floyd,1963-10-26,61,Female,Silver,"8514 Richards Plains Lane, Halifax, Nova Scotia, L1G 1R4, Canada",Halifax,NS,Canada,Jerry,Watson,Relative,(304) 699-0139,2025-02-10,"Halifax, NS"
Jerry,Floyd,1961-03-26,63,Male,Silver,"8514 Richards Plains Lane, Halifax, Nova Scotia, L1G 1R4, Canada",Halifax,NS,Canada,Jerry,Watson,Relative,(304) 699-0139,2025-02-10,"Halifax, NS"
Todd,Booth,1973-01-03,52,Male,Silver,"3865 Brenda Inlet Terrace, Winnipeg, Manitoba, M8K9S1, Canada",Winnipeg,MB,Canada,Julie,Lang,Other,(560) 932-0489,2025-02-10,"Halifax, NS"
Laura,Booth,1974-01-03,51,Female,Silver,"3865 Brenda Inlet Terrace, Winnipeg, Manitoba, M8K9S1, Canada",Winnipeg,MB,Canada,Julie,Lang,Other,(560) 932-0489,2025-02-10,"Halifax, NS"
Stacey,Madden,1985-10-17,39,Female,Silver,"137 Jacob Inlet Road, Ottawa, Ontario, E2A 2V3, Canada",Ottawa,ON,Canada,Shannon,Malone,Relative,(666) 870-0217,2025-02-10,"Halifax, NS"
Jake,Madden,1988-10-16,36,Male,Silver,"137 Jacob Inlet Road, Ottawa, Ontario, E2A 2V3, Canada",Ottawa,ON,Canada,Shannon,Malone,Relative,(666) 870-0217,2025-02-10,"Halifax, NS"
Amanda,Mccormick,1984-07-12,40,Female,Silver,"2985 Vargas Garden Boulevard, Lethbridge, Alberta, K2G7E4, Canada",Lethbridge,AB,Canada,Robert,Rodriguez,Other,(438) 889-9375,2025-02-10,"Halifax, NS"
Howard,Mccormick,1978-03-12,46,Male,Silver,"2985 Vargas Garden Boulevard, Lethbridge, Alberta, K2G7E4, Canada",Lethbridge,AB,Canada,Robert,Rodriguez,Other,(438) 889-9375,2025-02-10,"Halifax, NS"
Ashley,Soto,1990-04-03,34,Female,Silver,"6217 Gray Springs Street, Nanaimo, British Columbia, E7Y 2E7, Canada",Nanaimo,BC,Canada,Emily,Price,Relative,(792) 499-1251,2025-02-10,"Halifax, NS"
Mark,Soto,1991-06-07,33,Male,Silver,"6217 Gray Springs Street, Nanaimo, British Columbia, E7Y 2E7, Canada",Nanaimo,BC,Canada,NA,NA,NA,NA,2025-02-10,"Halifax, NS"
Allison,Carlson,1982-04-04,42,Female,Silver,"411 Leonard Lodge Street, London, Ontario, B8A9Y3, Canada",London,ON,Canada,Jill,Jackson,Other,(034) 043-8427,2025-02-10,"Halifax, NS"
James,Dunn,1992-06-28,32,Male,Gold,"4845 Grant Shore Lane, Calgary, Alberta, S5N 4H3, Canada",Calgary,AB,Canada,NA,NA,NA,NA,2025-02-10,"Halifax, NS"
Lynn,Dunn,1990-06-29,34,Female,Gold,"4845 Grant Shore Lane, Calgary, Alberta, S5N 4H3, Canada",Calgary,AB,Canada,Autumn,Cain,Relative,(959) 629-2330,2025-02-10,"Halifax, NS"
Dustin,Roberts,1976-02-18,48,Male,Silver,"890 Stephen Extensions Road, Sherbrooke, Quebec, N8C 6G9, Canada",Sherbrooke,QC,Canada,Robert,Roberts,Relative,(759) 017-5186,2025-02-10,"Halifax, NS"
Lisa,Roberts,1970-02-19,54,Female,Silver,"890 Stephen Extensions Road, Sherbrooke, Quebec, N8C 6G9, Canada",Sherbrooke,QC,Canada,NA,NA,NA,NA,2025-02-10,"Halifax, NS"
Gregory,Kramer,1947-10-19,77,Male,Silver,"6203 Vaughn Forges Avenue, Nanaimo, British Columbia, L5Y3S8, Canada",Nanaimo,BC,Canada,Shannon,Mcdowell,Relative,(541) 520-6436,2025-02-10,"Halifax, NS"
John,Smith,1971-08-09,53,Male,Silver,"807 Paul Union Road, London, Ontario, M7N 9S3, Canada",London,ON,Canada,Stanley,Taylor,Other,(092) 753-2697,2025-02-10,"Halifax, NS"
Joseph,Copeland,1967-08-09,57,Male,Silver,"807 Paul Union Road, London, Ontario, M7N 9S3, Canada",London,ON,Canada,Stanley,Taylor,Other,(092) 753-2697,2025-02-10,"Halifax, NS"
Morgan,Richmond,1959-05-03,65,Female,Silver,"281 Bryan Port Road, Montreal, Quebec, T6B3C2, Canada",Montreal,QC,Canada,Steven,Blevins,Other,(918) 055-2696,2025-02-10,"Halifax, NS"
Nathaniel,Richmond,1965-05-01,59,Male,Silver,"281 Bryan Port Road, Montreal, Quebec, T6B3C2, Canada",Montreal,QC,Canada,Steven,Blevins,Other,(918) 055-2696,2025-02-10,"Halifax, NS"
Richard,Smythe,1968-07-08,56,Male,Silver,"8541 Butler Drive Avenue, Fredericton, New Brunswick, M2R7C7, Canada",Fredericton,NB,Canada,Sandra,Becker,Relative,(463) 031-6179,2025-02-10,"Halifax, NS"
Rachel,Smythe,1969-12-08,55,Male,Silver,"8541 Butler Drive Avenue, Fredericton, New Brunswick, M2R7C7, Canada",Fredericton,NB,Canada,Sandra,Becker,Relative,(463) 031-6179,2025-02-10,"Halifax, NS"
Ken,Miles,1969-02-15,55,Male,Gold,"7353 Jon Alley Drive, Hamilton, Ontario, J2A 5N4, Canada",Hamilton,ON,Canada,Jacob,Scott,Other,(138) 000-3075,2025-02-10,"Halifax, NS"
Victoria,Miles,1966-11-16,58,Female,Gold,"7353 Jon Alley Drive, Hamilton, Ontario, J2A 5N4, Canada",Hamilton,ON,Canada,Jacob,Scott,Other,(138) 000-3075,2025-02-10,"Halifax, NS"
James,Barnes,1989-12-03,35,Male,Gold,"5732 Linda Dale Boulevard, Steinbach, Manitoba, P4K2V6, Canada",Steinbach,MB,Canada,Eddie,Barnes,Relative,(973) 832-0603,2025-02-10,"Halifax, NS"
Valerie,Barnes,1994-12-02,30,Female,Gold,"5732 Linda Dale Boulevard, Steinbach, Manitoba, P4K2V6, Canada",Steinbach,MB,Canada,NA,NA,NA,NA,2025-02-10,"Halifax, NS"
Kyle,Sweeney,1978-07-10,46,Male,Silver,"5314 Malone Canyon Court, Steinbach, Manitoba, S4P 2J8, Canada",Steinbach,MB,Canada,Casey,Wilkins,Relative,(990) 623-4456,2025-02-10,"Halifax, NS"
Tyler,Stewart,1958-07-05,66,Male,Silver,"9470 Price Crossroad Road, Quebec City, Quebec, G2N 3S1, Canada",Quebec City,QC,Canada,Michael,Mckenzie,Relative,(521) 356-8044,2025-02-10,"Halifax, NS"
Samuel,Johnson,1974-07-31,50,Male,Silver,"1644 Diaz Camp Drive, Hamilton, Ontario, T9H4G6, Canada",Hamilton,ON,Canada,NA,NA,NA,NA,2025-02-10,"Halifax, NS"
Kaitlyn,Johnson,1975-07-31,49,Female,Silver,"1644 Diaz Camp Drive, Hamilton, Ontario, T9H4G6, Canada",Hamilton,ON,Canada,NA,NA,NA,NA,2025-02-10,"Halifax, NS"
Lindsay,Odonnell,1969-02-26,55,Female,Gold,"7248 Shawn Union Street, Ottawa, Ontario, S6A5N3, Canada",Ottawa,ON,Canada,Kari,Durham,Relative,(593) 040-7859,2025-02-10,"Halifax, NS"
Nicole,Odonnell,1974-02-25,50,Female,Gold,"7248 Shawn Union Street, Ottawa, Ontario, S6A5N3, Canada",Ottawa,ON,Canada,Kari,Durham,Relative,(593) 040-7859,2025-02-10,"Halifax, NS"
Clinton,Allen,1981-03-22,43,Male,Silver,"9997 Jeff Mountains Boulevard, Toronto, Ontario, R4N3P3, Canada",Toronto,ON,Canada,Casey,Allen,Relative,(393) 087-0593,2025-02-10,"Halifax, NS"
Jason,Curtis,1980-07-17,44,Male,Silver,"5034 Walker Canyon Terrace, Quebec City, Quebec, P6Y8R4, Canada",Quebec City,QC,Canada,Tommy,Curtis,Relative,(368) 844-4310,2025-02-10,"Halifax, NS"
Kelly,Curtis,1983-07-17,41,Female,Silver,"5034 Walker Canyon Terrace, Quebec City, Quebec, P6Y8R4, Canada",Quebec City,QC,Canada,NA,NA,NA,NA,2025-02-10,"Halifax, NS"
Anna,Brown,1998-04-02,26,Female,Gold,"1132 Hayes Canyon Avenue, Toronto, Ontario, R1N1S2, Canada",Toronto,ON,Canada,Jasmine,Watson,Other,(477) 434-9021,2025-02-10,"Halifax, NS"
Jason,Brown,2000-04-01,24,Male,Gold,"1132 Hayes Canyon Avenue, Toronto, Ontario, R1N1S2, Canada",Toronto,ON,Canada,Jasmine,Watson,Other,(477) 434-9021,2025-02-10,"Halifax, NS"
Stephen,Perez,1936-07-11,88,Male,Silver,"2903 Schwartz Manors Avenue, Steinbach, Manitoba, T1B4N1, Canada",Steinbach,MB,Canada,William,Graham,Relative,(116) 868-5487,2025-02-10,"Halifax, NS"
Ruth,Buchanan,1990-05-01,34,Female,Silver,"9439 Rachel Point Court, Sherbrooke, Quebec, B7R2A8, Canada",Sherbrooke,QC,Canada,Ben,Heartly,Other,(054) 447-1324,2025-02-10,"Halifax, NS"
Cody,Buchanan,1985-01-23,40,Male,Silver,"9439 Rachel Point Court, Sherbrooke, Quebec, B7R2A8, Canada",Sherbrooke,QC,Canada,Ben,Heartly,Other,(054) 447-1324,2025-02-10,"Halifax, NS"
Nathan,Cooper,1955-10-11,69,Male,Gold,"3382 Tammy Gateway Road, Montreal, Quebec, N2B1G1, Canada",Montreal,QC,Canada,Courtney,Franklin,Relative,(743) 748-9691,2025-02-10,"Halifax, NS"
Diana,Hoffman,1948-02-16,76,Female,Gold,"6833 Jeffrey Ports Street, Hamilton, Ontario, E7V8C3, Canada",Hamilton,ON,Canada,Jonathan,Phillips,Relative,(353) 875-8428,2025-02-10,"Halifax, NS"
Aimee,Chang,1998-02-01,27,Female,Silver,"7479 Mckinney Plains Drive, Hamilton, Ontario, R8T7Y1, Canada",Hamilton,ON,Canada,Nicole,Schmidt,Other,(033) 542-1689,2025-02-10,"Halifax, NS"
Kevin,Edwards,1999-12-11,25,Male,Silver,"7479 Mckinney Plains Drive, Hamilton, Ontario, R8T7Y1, Canada",Hamilton,ON,Canada,Nicole,Schmidt,Other,(033) 542-1689,2025-02-10,"Halifax, NS"
Aimee,Conway,1946-07-29,78,Female,Gold,"2748 Robertson Fields Drive, Regina, Saskatchewan, H9J9P1, Canada",Regina,SK,Canada,Debra,Quinn,Relative,(667) 467-6212,2025-02-10,"Halifax, NS"
Kenneth,Conway,1944-07-30,80,Male,Gold,"2748 Robertson Fields Drive, Regina, Saskatchewan, H9J9P1, Canada",Regina,SK,Canada,Debra,Quinn,Relative,(667) 467-6212,2025-02-10,"Halifax, NS"
Harriet,Mcclain,1979-06-21,45,Female,Silver,"8360 Larson Shores Boulevard, Quebec City, Quebec, K4Y3Y8, Canada",Quebec City,QC,Canada,Angela,Wallace,Relative,(717) 751-7016,2025-02-10,"Halifax, NS"
Gary,Mcclain,1980-08-21,44,Male,Silver,"8360 Larson Shores Boulevard, Quebec City, Quebec, K4Y3Y8, Canada",Quebec City,QC,Canada,NA,NA,NA,NA,2025-02-10,"Halifax, NS"
Jacob,Andrade,1974-09-14,50,Male,Silver,"1349 Barnes Inlet Lane, Quebec City, Quebec, X3B8B8, Canada",Quebec City,QC,Canada,Gregory,Chambers,Relative,(515) 879-9684,2025-02-10,"Halifax, NS"
Michaela,Andrade,1976-09-13,48,Female,Silver,"1349 Barnes Inlet Lane, Quebec City, Quebec, X3B8B8, Canada",Quebec City,QC,Canada,Gregory,Chambers,Relative,(515) 879-9684,2025-02-10,"Halifax, NS"
Denise,Rodriguez,1991-10-18,33,Female,Gold,"2167 Frank Rapids Boulevard, Laval, Quebec, R3S6N3, Canada",Laval,QC,Canada,Ashley,Parrish,Other,(384) 066-6580,2025-02-10,"Halifax, NS"
Matthew,Rodriguez,1987-10-19,37,Male,Gold,"2167 Frank Rapids Boulevard, Laval, Quebec, R3S6N3, Canada",Laval,QC,Canada,Ashley,Parrish,Other,(384) 066-6580,2025-02-10,"Halifax, NS"
Joseph,Greer,1977-09-29,47,Male,Silver,"1261 Baker Shores Road, Montreal, Quebec, N9V4S2, Canada",Montreal,QC,Canada,Jeffrey,Hawkins,Relative,(294) 057-2025,2025-02-10,"Halifax, NS"
Diana,Greer,1981-07-28,43,Female,Silver,"1261 Baker Shores Road, Montreal, Quebec, N9V4S2, Canada",Montreal,QC,Canada,Jeffrey,Hawkins,Relative,(294) 057-2025,2025-02-10,"Halifax, NS"
Heather,Greer,2009-11-11,15,Female,Silver,"1261 Baker Shores Road, Montreal, Quebec, N9V4S2, Canada",Montreal,QC,Canada,Jeffrey,Hawkins,Relative,(294) 057-2025,2025-02-10,"Halifax, NS"
Paul,Phillips,1951-04-16,73,Male,Gold,"4330 Stephanie Tunnel Lane, Quebec City, Quebec, T2K4A7, Canada",Quebec City,QC,Canada,Christopher,King,Other,(934) 667-6650,2025-02-10,"Halifax, NS"
Justine,Phillips,1952-04-04,72,Female,Gold,"4330 Stephanie Tunnel Lane, Quebec City, Quebec, T2K4A7, Canada",Quebec City,QC,Canada,Christopher,King,Other,(934) 667-6650,2025-02-10,"Halifax, NS"
Richard,Arroyo,1955-08-02,69,Male,Silver,"1979 Meagan Valleys Street, Toronto, Ontario, K3A8R5, Canada",Toronto,ON,Canada,Leslie,Lynn,Relative,(491) 357-7594,2025-02-10,"Halifax, NS"
Tina,Keith,1960-11-15,64,Female,Silver,"2321 Brandon Brooks Terrace, Ottawa, Ontario, C2K 7E6, Canada",Ottawa,ON,Canada,Stephen,Gonzales,Relative,(184) 322-2591,2025-02-10,"Halifax, NS"
Christopher,Keith,1963-11-15,61,Male,Silver,"2321 Brandon Brooks Terrace, Ottawa, Ontario, C2K 7E6, Canada",Ottawa,ON,Canada,Stephen,Gonzales,Relative,(184) 322-2591,2025-02-10,"Halifax, NS"
Ashley,Olson,1966-07-11,58,Female,Gold,"104 Dyer Walk Court, Kelowna, British Columbia, Y4A 5A3, Canada",Kelowna,BC,Canada,Linda,Elliott,Relative,(413) 797-7236,2025-02-10,"Halifax, NS"
Edgar,Olson,1961-07-12,63,Male,Gold,"104 Dyer Walk Court, Kelowna, British Columbia, Y4A 5A3, Canada",Kelowna,BC,Canada,Linda,Elliott,Relative,(413) 797-7236,2025-02-10,"Halifax, NS"
Tyler,Hanson,1954-03-08,70,Male,Silver,"1242 Avery Junctions Boulevard, Hamilton, Ontario, G1P1M5, Canada",Hamilton,ON,Canada,Lucas,Williams,Relative,(811) 729-8068,2025-02-10,"Halifax, NS"
William,Wolfe,1987-12-01,37,Male,Silver,"5406 Neil Villages Court, Moose Jaw, Saskatchewan, V9C 8J8, Canada",Moose Jaw,SK,Canada,Jennifer,Rodriguez,Relative,(959) 463-6887,2025-02-10,"Halifax, NS"
Andrea,Wolfe,1990-11-30,34,Female,Silver,"5406 Neil Villages Court, Moose Jaw, Saskatchewan, V9C 8J8, Canada",Moose Jaw,SK,Canada,Jennifer,Rodriguez,Relative,(959) 463-6887,2025-02-10,"Halifax, NS"
Steve,Smith,1980-01-26,45,Male,Silver,"451 Obrien Crest Court, Laval, Quebec, H9M5A6, Canada",Laval,QC,Canada,Brandon,Mitchell,Relative,(955) 439-3769,2025-02-10,"Halifax, NS"
Alyssa,Smith,1976-01-27,49,Female,Silver,"451 Obrien Crest Court, Laval, Quebec, H9M5A6, Canada",Laval,QC,Canada,Brandon,Mitchell,Relative,(955) 439-3769,2025-02-10,"Halifax, NS"
Stephanie,Shannon,1977-06-19,47,Female,Silver,"7845 Hamilton Ford Crescent, Calgary, Alberta, Y7L6T6, Canada",Calgary,AB,Canada,Scott,Rubio,Relative,(947) 284-6392,2025-02-10,"Halifax, NS"
Benjamin,Shannon,1975-06-20,49,Male,Silver,"7845 Hamilton Ford Crescent, Calgary, Alberta, Y7L6T6, Canada",Calgary,AB,Canada,Scott,Rubio,Relative,(947) 284-6392,2025-02-10,"Halifax, NS"
Steven,Taylor,1962-10-20,62,Male,Silver,"789 Robin Manor Avenue, Surrey, British Columbia, L5M1P7, Canada",Surrey,BC,Canada,Mark,Cole,Other,(450) 615-9399,2025-02-10,"Halifax, NS"
Georgina,Taylor,1963-10-20,61,Female,Silver,"789 Robin Manor Avenue, Surrey, British Columbia, L5M1P7, Canada",Surrey,BC,Canada,Mark,Cole,Other,(450) 615-9399,2025-02-10,"Halifax, NS"
Bobby,Price,1983-04-21,41,Male,Gold,"6643 Joseph Landing Terrace, London, Ontario, J3R3T5, Canada",London,ON,Canada,Christian,Booker,Relative,(214) 427-0312,2025-02-10,"Halifax, NS"
Danielle,Price,1978-04-22,46,Female,Gold,"6643 Joseph Landing Terrace, London, Ontario, J3R3T5, Canada",London,ON,Canada,Christian,Booker,Relative,(214) 427-0312,2025-02-10,"Halifax, NS"
Diana,Floyd,1981-01-27,44,Female,Silver,"136 Hill Light Street, Kingston, Ontario, S8C2M1, Canada",Kingston,ON,Canada,Zachary,Gonzalez,Relative,(645) 208-8147,2025-02-10,"Halifax, NS"
Cassandra,Floyd,1984-01-27,41,Female,Silver,"136 Hill Light Street, Kingston, Ontario, S8C2M1, Canada",Kingston,ON,Canada,Zachary,Gonzalez,Relative,(645) 208-8147,2025-02-10,"Halifax, NS"
William,Quinn,1961-12-22,63,Male,Silver,"8851 Mercado Oval Lane, Hamilton, Ontario, C2B 6A6, Canada",Hamilton,ON,Canada,NA,NA,NA,NA,2025-02-10,"Halifax, NS"
Lisa,Richardson,1963-12-22,61,Female,Silver,"8851 Mercado Oval Lane, Hamilton, Ontario, C2B 6A6, Canada",Hamilton,ON,Canada,Dennis,Richardson,Relative,(862) 095-9351,2025-02-10,"Halifax, NS"
Thomas,Colon,1985-11-24,39,Male,Silver,"8983 Bennett Oval Lane, Laval, Quebec, M5B3E4, Canada",Laval,QC,Canada,Kristin,Reese,Relative,(228) 685-2897,2025-02-10,"Halifax, NS"
Gloria,Colon,1990-06-25,34,Female,Silver,"8983 Bennett Oval Lane, Laval, Quebec, M5B3E4, Canada",Laval,QC,Canada,Kristin,Reese,Relative,(228) 685-2897,2025-02-10,"Halifax, NS"
Diana,Lee,1951-02-05,74,Female,Silver,"7311 Ferrell Pass Street, Nanaimo, British Columbia, P7G 4E9, Canada",Nanaimo,BC,Canada,Sheila,Wilkins,Relative,(514) 770-5383,2025-02-10,"Halifax, NS"
Andrew,Clark,1966-04-09,58,Male,Silver,"2392 Elizabeth Flats Lane, Toronto, Ontario, M6L8L6, Canada",Toronto,ON,Canada,Samantha,Walsh,Relative,(220) 994-9993,2025-02-10,"Halifax, NS"
James,Mcdaniel,1958-04-03,66,Male,Silver,"3148 Tony Neck Lane, Red Deer, Alberta, N1K 5K5, Canada",Red Deer,AB,Canada,Victoria,Camacho,Other,(609) 656-9998,2025-02-10,"Halifax, NS"
Chelsea,Mcdaniel,1959-04-03,65,Female,Silver,"3148 Tony Neck Lane, Red Deer, Alberta, N1K 5K5, Canada",Red Deer,AB,Canada,Victoria,Camacho,Other,(609) 656-9998,2025-02-10,"Halifax, NS"
Timothy,Bryant,1980-07-17,44,Male,Silver,"7017 Jennifer Plains Lane, Steinbach, Manitoba, T2G 6M8, Canada",Steinbach,MB,Canada,Melissa,Mckee,Relative,(129) 826-6570,2025-02-10,"Halifax, NS"
Sarah,Bryant,1975-07-19,49,Female,Silver,"7017 Jennifer Plains Lane, Steinbach, Manitoba, T2G 6M8, Canada",Steinbach,MB,Canada,Melissa,Mckee,Relative,(129) 826-6570,2025-02-10,"Halifax, NS"
Kathryn,Ortiz,1993-01-01,32,Female,Silver,"1302 Rose Manor Drive, Brandon, Manitoba, J1C 7B4, Canada",Brandon,MB,Canada,Xavier,Martin,Relative,(279) 501-4556,2025-02-10,"Halifax, NS"
Dominic,Bridges,1978-01-11,47,Male,Silver,"3821 Hopkins Street Drive, Sydney, Nova Scotia, P4M 6Y7, Canada",Sydney,NS,Canada,Kathleen,Daniel,Relative,(430) 107-1396,2025-02-10,"Halifax, NS"
Jeffrey,Bridges,1964-01-09,61,Male,Silver,"3821 Hopkins Street Drive, Sydney, Nova Scotia, P4M 6Y7, Canada",Sydney,NS,Canada,Kathleen,Daniel,Relative,(430) 107-1396,2025-02-10,"Halifax, NS"
Katrina,Sims,2001-08-18,23,Female,Silver,"4623 Felicia Mall Boulevard, Surrey, British Columbia, X2Y8K4, Canada",Surrey,BC,Canada,Susan,Moore,Other,(182) 307-6810,2025-02-10,"Halifax, NS"
Justin,Sims,1997-08-19,27,Male,Silver,"4623 Felicia Mall Boulevard, Surrey, British Columbia, X2Y8K4, Canada",Surrey,BC,Canada,Susan,Moore,Other,(182) 307-6810,2025-02-10,"Halifax, NS"
Jennifer,Mcclain,1951-06-08,73,Female,Silver,"7244 Kari Lodge Road, Victoria, British Columbia, R7J7B7, Canada",Victoria,BC,Canada,Michelle,Lambert,Relative,(179) 217-1747,2025-02-10,"Halifax, NS"
Paul,Mcclain,1950-06-08,74,Male,Silver,"7244 Kari Lodge Road, Victoria, British Columbia, R7J7B7, Canada",Victoria,BC,Canada,Michelle,Lambert,Relative,(179) 217-1747,2025-02-10,"Halifax, NS"
Clifford,Bates,1991-01-11,34,Male,Gold,"7930 Kristen Mission Boulevard, Hamilton, Ontario, B7Y 1B1, Canada",Hamilton,ON,Canada,Robert,Dalton,Relative,(278) 687-6532,2025-02-10,"Halifax, NS"
Christine,Bates,1992-04-15,32,Female,Gold,"7930 Kristen Mission Boulevard, Hamilton, Ontario, B7Y 1B1, Canada",Hamilton,ON,Canada,Robert,Dalton,Relative,(278) 687-6532,2025-02-10,"Halifax, NS"
Joseph,Green,1994-03-15,30,Male,Silver,"596 Randy Courts Crescent, Laval, Quebec, L3T 1X2, Canada",Laval,QC,Canada,Brian,Thompson,Other,(275) 243-7280,2025-02-10,"Halifax, NS"
Colin,Green,1993-02-10,32,Male,Silver,"596 Randy Courts Crescent, Laval, Quebec, L3T 1X2, Canada",Laval,QC,Canada,Brian,Thompson,Other,(275) 243-7280,2025-02-10,"Halifax, NS"
Richard,Peck,1966-03-11,58,Male,Gold,"6824 Kathryn Forges Street, Red Deer, Alberta, K2B8P3, Canada",Red Deer,AB,Canada,Charles,Berg,Relative,(476) 580-1856,2025-02-10,"Halifax, NS"
Kimberly,Peck,1965-03-12,59,Female,Gold,"6824 Kathryn Forges Street, Red Deer, Alberta, K2B8P3, Canada",Red Deer,AB,Canada,Charles,Berg,Relative,(476) 580-1856,2025-02-10,"Halifax, NS"
Jeffrey,Peck,2014-06-30,10,Male,Gold,"6824 Kathryn Forges Street, Red Deer, Alberta, K2B8P3, Canada",Red Deer,AB,Canada,Charles,Berg,Relative,(476) 580-1856,2025-02-10,"Halifax, NS"
James,Kim,1973-06-07,51,Male,Silver,"1279 Sandy Mission Avenue, Toronto, Ontario, X2E2R3, Canada",Toronto,ON,Canada,Robert,Contreras,Relative,(310) 270-7903,2025-02-10,"Halifax, NS"
Barbara,Kim,1972-06-07,52,Female,Silver,"1279 Sandy Mission Avenue, Toronto, Ontario, X2E2R3, Canada",Toronto,ON,Canada,Robert,Contreras,Relative,(310) 270-7903,2025-02-10,"Halifax, NS"
Janet,Hoover,1970-10-03,54,Female,Platinum,"6174 Jose Track Road, Hamilton, Ontario, T4P8Y6, Canada",Hamilton,ON,Canada,Russell,Mcguire,Relative,(142) 625-8273,2025-02-10,"Halifax, NS"
Amanda,Hoover,1968-02-03,57,Female,Platinum,"6174 Jose Track Road, Hamilton, Ontario, T4P8Y6, Canada",Hamilton,ON,Canada,Russell,Mcguire,Relative,(142) 625-8273,2025-02-10,"Halifax, NS"
Daniel,Miller,1934-04-20,90,Male,Silver,"3064 Wise Forks Drive, St. John's, Newfoundland and Labrador, E5C2Y4, Canada",St. John's,NL,Canada,Jonathan,Clements,Other,(833) 181-9588,2025-02-10,"Halifax, NS"
Marilyn,Hopkins,1971-10-10,53,Female,Gold,"1863 Karen Lights Drive, Ottawa, Ontario, P4C 3J4, Canada",Ottawa,ON,Canada,Richard,Washington,Relative,(137) 995-6353,2025-02-10,"Halifax, NS"
Victoria,Hopkins,1965-10-11,59,Female,Gold,"1863 Karen Lights Drive, Ottawa, Ontario, P4C 3J4, Canada",Ottawa,ON,Canada,Richard,Washington,Relative,(137) 995-6353,2025-02-10,"Halifax, NS"
Tyler,Washington,1972-11-02,52,Male,Silver,"1750 Spencer Skyway Lane, Vancouver, British Columbia, M6Y 7Y4, Canada",Vancouver,BC,Canada,Philip,Robinson,Relative,(983) 168-7397,2025-02-10,"Halifax, NS"
David,Banks,1981-12-26,43,Male,Silver,"8292 Bell Manors Boulevard, Fredericton, New Brunswick, S5C 9S4, Canada",Fredericton,NB,Canada,Jacob,Nunez,Relative,(116) 241-1241,2025-02-10,"Halifax, NS"
Lisa,Banks,1979-12-27,45,Female,Silver,"8292 Bell Manors Boulevard, Fredericton, New Brunswick, S5C 9S4, Canada",Fredericton,NB,Canada,Jacob,Nunez,Relative,(116) 241-1241,2025-02-10,"Halifax, NS"
Sonia,Mitchell,1982-08-07,42,Female,Gold,"5663 Catherine Greens Court, London, Ontario, V5A 3C5, Canada",London,ON,Canada,Evan,Cooper,Other,(841) 067-2752,2025-02-10,"Halifax, NS"
Christopher,Sanders,1978-09-07,46,Male,Silver,"150 Ronald Roads Crescent, Vancouver, British Columbia, M2M4N1, Canada",Vancouver,BC,Canada,Toni,Avila,Relative,(064) 628-7923,2025-02-10,"Halifax, NS"
Brittany,Sanders,1980-02-06,45,Female,Silver,"150 Ronald Roads Crescent, Vancouver, British Columbia, M2M4N1, Canada",Vancouver,BC,Canada,Toni,Avila,Relative,(064) 628-7923,2025-02-10,"Halifax, NS"
Kayla,Snyder,1964-01-25,61,Female,Silver,"7075 Tyler Grove Drive, Toronto, Ontario, E6A6A8, Canada",Toronto,ON,Canada,Lauren,Cunningham,Other,(890) 429-0257,2025-02-10,"Halifax, NS"
Megan,Snyder,1962-07-22,62,Female,Silver,"7075 Tyler Grove Drive, Toronto, Ontario, E6A6A8, Canada",Toronto,ON,Canada,Lauren,Cunningham,Other,(890) 429-0257,2025-02-10,"Halifax, NS"
Craig,Williams,1962-09-19,62,Male,Silver,"1747 Ashley Street Lane, Edmonton, Alberta, S7N 9B1, Canada",Edmonton,AB,Canada,Alexandria,Holmes,Other,(213) 283-3898,2025-02-10,"Halifax, NS"
Jessica,Williams,1968-09-17,56,Female,Silver,"1747 Ashley Street Lane, Edmonton, Alberta, S7N 9B1, Canada",Edmonton,AB,Canada,Alexandria,Holmes,Other,(213) 283-3898,2025-02-10,"Halifax, NS"
Aaron,York,1968-10-18,56,Male,Silver,"4198 Gibson Forge Drive, Sherbrooke, Quebec, B7H3B7, Canada",Sherbrooke,QC,Canada,Nathan,Miller,Relative,(947) 386-4631,2025-02-10,"Halifax, NS"
Kim,York,1974-10-21,50,Female,Silver,"4198 Gibson Forge Drive, Sherbrooke, Quebec, B7H3B7, Canada",Sherbrooke,QC,Canada,Nathan,Miller,Relative,(947) 386-4631,2025-02-10,"Halifax, NS"
Donald,White,1954-11-26,70,Male,Silver,"3718 Green Falls Road, Victoria, British Columbia, G9B4B4, Canada",Victoria,BC,Canada,Curtis,Gonzalez,Relative,(499) 465-7967,2025-02-10,"Halifax, NS"
Jillian,Tate,1990-11-05,34,Female,Silver,"5596 King Pine Terrace, Sherbrooke, Quebec, E3E 2H9, Canada",Sherbrooke,QC,Canada,John,CarterMD,Relative,(006) 167-5677,2025-02-10,"Halifax, NS"
Lloyd,Tate,1988-03-11,36,Male,Silver,"5596 King Pine Terrace, Sherbrooke, Quebec, E3E 2H9, Canada",Sherbrooke,QC,Canada,John,CarterMD,Relative,(006) 167-5677,2025-02-10,"Halifax, NS"
Brianna,Dyer,1976-05-29,48,Female,Silver,"2126 Amanda Wells Drive, Sydney, Nova Scotia, G9B5C5, Canada",Sydney,NS,Canada,Kevin,Anderson,Relative,(561) 655-6503,2025-02-10,"Halifax, NS"
Joseph,Dyer,1981-05-28,43,Male,Silver,"2126 Amanda Wells Drive, Sydney, Nova Scotia, G9B5C5, Canada",Sydney,NS,Canada,Kevin,Anderson,Relative,(561) 655-6503,2025-02-10,"Halifax, NS"
Travis,Lozano,1945-02-04,80,Male,Silver,"505 George Plaza Road, Toronto, Ontario, B5M 7L9, Canada",Toronto,ON,Canada,John,Vazquez,Other,(578) 529-4563,2025-02-10,"Halifax, NS"
Evelyn,Pittman,1978-05-18,46,Female,Platinum,"9184 Gill Lakes Street, Montreal, Quebec, H1X 8N3, Canada",Montreal,QC,Canada,Joshua,Gonzalez,Relative,(820) 829-7374,2025-02-10,"Halifax, NS"
Andrea,Reyes,1980-05-11,44,Female,Gold,"725 Beltran Mills Road, Edmonton, Alberta, K2S 8E9, Canada",Edmonton,AB,Canada,Judith,Smith,Relative,(563) 669-4118,2025-02-10,"Halifax, NS"
David,Reyes,1974-05-13,50,Male,Gold,"725 Beltran Mills Road, Edmonton, Alberta, K2S 8E9, Canada",Edmonton,AB,Canada,Judith,Smith,Relative,(563) 669-4118,2025-02-10,"Halifax, NS"
Jessica,Mckinney,1989-02-05,36,Female,Silver,"6350 Roger Plaza Road, Moose Jaw, Saskatchewan, J6A9K1, Canada",Moose Jaw,SK,Canada,Brenda,Wilson,Relative,(274) 564-4948,2025-02-10,"Halifax, NS"
Taylor,Mckinney,1985-02-06,40,Male,Silver,"6350 Roger Plaza Road, Moose Jaw, Saskatchewan, J6A9K1, Canada",Moose Jaw,SK,Canada,Brenda,Wilson,Relative,(274) 564-4948,2025-02-10,"Halifax, NS"
Ashley,Gallagher,1976-01-03,49,Female,Gold,"2607 Mitchell Corner Boulevard, Calgary, Alberta, P5S4T4, Canada",Calgary,AB,Canada,Dalton,Mitchell,Relative,(849) 939-0892,2025-02-10,"Halifax, NS"
Michael,Gallagher,1971-01-01,54,Male,Gold,"2607 Mitchell Corner Boulevard, Calgary, Alberta, P5S4T4, Canada",Calgary,AB,Canada,Dalton,Mitchell,Relative,(849) 939-0892,2025-02-10,"Halifax, NS"
Joseph,Mitchell,1982-08-12,42,Male,Silver,"8366 Taylor Parks Road, Ottawa, Ontario, C3P 9T2, Canada",Ottawa,ON,Canada,Rita,Austin,Relative,(732) 788-1476,2025-02-10,"Halifax, NS"
Karen,Mitchell,1984-05-11,40,Female,Silver,"8366 Taylor Parks Road, Ottawa, Ontario, C3P 9T2, Canada",Ottawa,ON,Canada,Rita,Austin,Relative,(732) 788-1476,2025-02-10,"Halifax, NS"
Linda,Smith,1971-06-18,53,Female,Silver,"372 Rogers Shoal Crescent, Regina, Saskatchewan, G2T4G6, Canada",Regina,SK,Canada,Marie,Graham,Other,(727) 601-2277,2025-02-10,"Halifax, NS"
Charles,Smith,1965-06-19,59,Male,Silver,"372 Rogers Shoal Crescent, Regina, Saskatchewan, G2T4G6, Canada",Regina,SK,Canada,Marie,Graham,Other,(727) 601-2277,2025-02-10,"Halifax, NS"
Carrie,Blankenship,1941-05-04,83,Female,Gold,"9114 Bonnie Hill Avenue, Nanaimo, British Columbia, T6G 3B9, Canada",Nanaimo,BC,Canada,Jorge,Collins,Other,(434) 681-0548,2025-02-10,"Halifax, NS"
Bobby,Aguilar,1993-01-19,32,Male,Silver,"2985 Vargas Garden Boulevard, Lethbridge, Alberta, K2G7E4, Canada",Lethbridge,AB,Canada,Whitney,Barker,Relative,(277) 288-1377,2025-02-10,"Halifax, NS"
Megan,Aguilar,1992-09-06,32,Female,Silver,"2985 Vargas Garden Boulevard, Lethbridge, Alberta, K2G7E4, Canada",Lethbridge,AB,Canada,Whitney,Barker,Relative,(277) 288-1377,2025-02-10,"Halifax, NS"
Christine,Dorsey,1978-08-08,46,Female,Gold,"7282 Rodriguez Ports Crescent, Montreal, Quebec, B5T 1B2, Canada",Montreal,QC,Canada,Gregory,Harrell,Relative,(567) 922-8777,2025-02-10,"Halifax, NS"
Douglas,Dorsey,1972-09-08,52,Male,Gold,"7282 Rodriguez Ports Crescent, Montreal, Quebec, B5T 1B2, Canada",Montreal,QC,Canada,Gregory,Harrell,Relative,(567) 922-8777,2025-02-10,"Halifax, NS"
Carl,Gallegos,1983-03-23,41,Male,Silver,"6283 Lee Square Road, Red Deer, Alberta, S9T 9Y9, Canada",Red Deer,AB,Canada,Brandon,Parker,Relative,(004) 615-2654,2025-02-10,"Halifax, NS"
Anne,Gallegos,1988-06-14,36,Female,Silver,"6283 Lee Square Road, Red Deer, Alberta, S9T 9Y9, Canada",Red Deer,AB,Canada,Brandon,Parker,Relative,(004) 615-2654,2025-02-10,"Halifax, NS"
Jennifer,Goodwin,1999-11-23,25,Female,Silver,"2673 Petersen Underpass Road, Saskatoon, Saskatchewan, T2P 9X7, Canada",Saskatoon,SK,Canada,Jill,Goodwin,Relative,(386) 870-0794,2025-02-10,"Halifax, NS"
Mandy,Goodwin,2000-11-22,24,Female,Silver,"2673 Petersen Underpass Road, Saskatoon, Saskatchewan, T2P 9X7, Canada",Saskatoon,SK,Canada,Jill,Goodwin,Relative,(386) 870-0794,2025-02-10,"Halifax, NS"
Ronnie,Lewis,1984-09-25,40,Male,Silver,"104 Dyer Walk Court, Kelowna, British Columbia, Y4A 5A3, Canada",Kelowna,BC,Canada,William,Peterson,Relative,(209) 700-2687,2025-02-10,"Halifax, NS"
Cassandra,Lewis,1984-03-30,40,Female,Silver,"104 Dyer Walk Court, Kelowna, British Columbia, Y4A 5A3, Canada",Kelowna,BC,Canada,William,Peterson,Relative,(209) 700-2687,2025-02-10,"Halifax, NS"
Lauren,Curtis,1966-06-14,58,Female,Silver,"5027 Smith Trail Drive, Hamilton, Ontario, S2C3T7, Canada",Hamilton,ON,Canada,Louis,Turner,Relative,(504) 793-0361,2025-02-10,"Halifax, NS"
Derrick,Curtis,1962-08-25,62,Male,Silver,"5027 Smith Trail Drive, Hamilton, Ontario, S2C3T7, Canada",Hamilton,ON,Canada,Louis,Turner,Relative,(504) 793-0361,2025-02-10,"Halifax, NS"
Daniel,Rosario,1943-09-11,81,Male,Gold,"4731 Fry Ranch Road, Hamilton, Ontario, X2L9K6, Canada",Hamilton,ON,Canada,Tyler,Wall,Relative,(717) 911-0065,2025-02-10,"Halifax, NS"
Kristin,Wallace,1976-10-01,48,Female,Silver,"9854 Mark Fort Court, Hamilton, Ontario, M6A2H1, Canada",Hamilton,ON,Canada,Brianna,Young,Other,(065) 333-1537,2025-02-10,"Halifax, NS"
Colin,Wallace,1977-10-17,47,Male,Silver,"9854 Mark Fort Court, Hamilton, Ontario, M6A2H1, Canada",Hamilton,ON,Canada,Brianna,Young,Other,(065) 333-1537,2025-02-10,"Halifax, NS"
Tammy,Christian,1984-01-10,41,Female,Silver,"2088 Clark Vista Crescent, Surrey, British Columbia, T1M3N5, Canada",Surrey,BC,Canada,James,Mckenzie,Relative,(501) 508-1247,2025-02-10,"Halifax, NS"
James,Christian,1981-11-11,43,Male,Silver,"2088 Clark Vista Crescent, Surrey, British Columbia, T1M3N5, Canada",Surrey,BC,Canada,James,Mckenzie,Relative,(501) 508-1247,2025-02-10,"Halifax, NS"
Andrew,Murphy,1950-09-26,74,Male,Silver,"8820 Duke Plaza Boulevard, Surrey, British Columbia, P1P 3G9, Canada",Surrey,BC,Canada,Kara,Perkins,Other,(373) 634-6692,2025-02-10,"Halifax, NS"
Julie,Murphy,1954-07-17,70,Female,Silver,"8820 Duke Plaza Boulevard, Surrey, British Columbia, P1P 3G9, Canada",Surrey,BC,Canada,Kara,Perkins,Other,(373) 634-6692,2025-02-10,"Halifax, NS"
Christopher,Taylor,1972-03-13,52,Male,Silver,"1356 Ruiz Run Boulevard, Saskatoon, Saskatchewan, L5R3T6, Canada",Saskatoon,SK,Canada,Steven,Phillips,Relative,(111) 508-3535,2025-02-10,"Halifax, NS"
Jose,Lopez,1945-01-08,80,Male,Silver,"3829 Brian Alley Lane, London, Ontario, R5N6B3, Canada",London,ON,Canada,Jacob,Smith,Relative,(867) 163-2346,2025-02-10,"Halifax, NS"
Margaret,Lopez,1939-01-10,86,Female,Silver,"3829 Brian Alley Lane, London, Ontario, R5N6B3, Canada",London,ON,Canada,Jacob,Smith,Relative,(867) 163-2346,2025-02-10,"Halifax, NS"
Kayla,Crosby,1965-11-21,59,Female,Silver,"2955 Mackenzie Club Crescent, Hamilton, Ontario, C3A 2N2, Canada",Hamilton,ON,Canada,Michelle,Evans,Relative,(296) 762-9160,2025-02-10,"Halifax, NS"
George,Crosby,1962-03-22,62,Male,Silver,"2955 Mackenzie Club Crescent, Hamilton, Ontario, C3A 2N2, Canada",Hamilton,ON,Canada,Michelle,Evans,Relative,(296) 762-9160,2025-02-10,"Halifax, NS"
James,Reeves,1988-01-21,37,Male,Silver,"8368 Cole Centers Avenue, Quebec City, Quebec, T4G1C6, Canada",Quebec City,QC,Canada,Mark,Mills,Relative,(900) 633-5331,2025-02-10,"Halifax, NS"
Crystal,Reeves,1984-07-22,40,Female,Silver,"8368 Cole Centers Avenue, Quebec City, Quebec, T4G1C6, Canada",Quebec City,QC,Canada,Mark,Mills,Relative,(900) 633-5331,2025-02-10,"Halifax, NS"
Linda,Jackson,1951-09-23,73,Female,Silver,"5072 Cooper Village Avenue, Victoria, British Columbia, E7T2G9, Canada",Victoria,BC,Canada,Emily,York,Relative,(976) 838-9030,2025-02-10,"Halifax, NS"
Kurt,Walters,1977-02-22,47,Male,Silver,"3177 Hodge Place Drive, Sherbrooke, Quebec, A3B5H7, Canada",Sherbrooke,QC,Canada,Christina,Huffman,Relative,(277) 689-6270,2025-02-10,"Halifax, NS"
Victoria,Walters,1981-01-27,44,Female,Silver,"3177 Hodge Place Drive, Sherbrooke, Quebec, A3B5H7, Canada",Sherbrooke,QC,Canada,Christina,Huffman,Relative,(277) 689-6270,2025-02-10,"Halifax, NS"
Donna,Frank,1984-02-13,40,Female,Gold,"5907 Parker Coves Court, Kingston, Ontario, R1V5G7, Canada",Kingston,ON,Canada,Michael,Gonzalez,Relative,(817) 932-3023,2025-02-10,"Halifax, NS"
Alex,Frank,1987-01-03,38,Male,Gold,"5907 Parker Coves Court, Kingston, Ontario, R1V5G7, Canada",Kingston,ON,Canada,Michael,Gonzalez,Relative,(817) 932-3023,2025-02-10,"Halifax, NS"
Jacob,Drake,1971-09-04,53,Male,Silver,"4283 Adams Corners Crescent, London, Ontario, N7J1L4, Canada",London,ON,Canada,Jeremy,Lawson,Relative,(716) 493-2898,2025-02-10,"Halifax, NS"
Michelle,Drake,1977-02-14,47,Female,Silver,"4283 Adams Corners Crescent, London, Ontario, N7J1L4, Canada",London,ON,Canada,Jeremy,Lawson,Relative,(716) 493-2898,2025-02-10,"Halifax, NS"
Paul,Jackson,1991-10-12,33,Male,Silver,"8902 Jeff Dam Road, Lethbridge, Alberta, A6R 2L6, Canada",Lethbridge,AB,Canada,Steven,Martinez,Relative,(871) 539-9156,2025-02-10,"Halifax, NS"
Brooke,Jackson,1991-12-30,33,Female,Silver,"8902 Jeff Dam Road, Lethbridge, Alberta, A6R 2L6, Canada",Lethbridge,AB,Canada,Steven,Martinez,Relative,(871) 539-9156,2025-02-10,"Halifax, NS"
Brooks,Burch,1951-10-07,73,Male,Gold,"2807 Mills Drive Street, Moncton, New Brunswick, Y4A 5A5, Canada",Moncton,NB,Canada,Antonio,Nichols,Relative,(899) 316-0875,2025-02-10,"Halifax, NS"
Valerie,Burch,1955-10-06,69,Female,Gold,"2807 Mills Drive Street, Moncton, New Brunswick, Y4A 5A5, Canada",Moncton,NB,Canada,Antonio,Nichols,Relative,(899) 316-0875,2025-02-10,"Halifax, NS"
Stephanie,Long,1979-10-11,45,Female,Gold,"9435 James Garden Road, Hamilton, Ontario, L3E 6B6, Canada",Hamilton,ON,Canada,Virginia,Hernandez,Other,(201) 859-6263,2025-02-10,"Halifax, NS"
Cory,Long,1974-10-12,50,Male,Gold,"9435 James Garden Road, Hamilton, Ontario, L3E 6B6, Canada",Hamilton,ON,Canada,Virginia,Hernandez,Other,(201) 859-6263,2025-02-10,"Halifax, NS"
Samantha,Freeman,1978-10-31,46,Female,Gold,"3365 Warren Ramp Lane, Surrey, British Columbia, E3M 5M5, Canada",Surrey,BC,Canada,Joshua,Henderson,Relative,(487) 297-5859,2025-02-10,"Halifax, NS"
Joseph,Freeman,1973-11-01,51,Male,Gold,"3365 Warren Ramp Lane, Surrey, British Columbia, E3M 5M5, Canada",Surrey,BC,Canada,Joshua,Henderson,Relative,(487) 297-5859,2025-02-10,"Halifax, NS"
Stacey,Mitchell,1985-01-11,40,Female,Silver,"577 Paul Cliffs Terrace, Saskatoon, Saskatchewan, T2M 7L5, Canada",Saskatoon,SK,Canada,Nicholas,Duffy,Relative,(901) 487-0682,2025-02-10,"Halifax, NS"
Mark,Mitchell,1984-02-13,40,Female,Silver,"577 Paul Cliffs Terrace, Saskatoon, Saskatchewan, T2M 7L5, Canada",Saskatoon,SK,Canada,Nicholas,Duffy,Relative,(901) 487-0682,2025-02-10,"Halifax, NS"
Jennifer,Long,1985-04-08,39,Female,Silver,"2369 Jimmy Parkway Lane, Toronto, Ontario, A6X7X9, Canada",Toronto,ON,Canada,Nathan,Morales,Relative,(167) 318-8261,2025-02-10,"Halifax, NS"
Kyle,Long,1986-10-05,38,Male,Silver,"2369 Jimmy Parkway Lane, Toronto, Ontario, A6X7X9, Canada",Toronto,ON,Canada,Nathan,Morales,Relative,(167) 318-8261,2025-02-10,"Halifax, NS"
Dustin,Diaz,1982-03-08,42,Male,Gold,"2250 Davis Crossroad Crescent, Quebec City, Quebec, S3L 4N8, Canada",Quebec City,QC,Canada,John,Simpson,Relative,(211) 022-5803,2025-02-10,"Halifax, NS"
Ines,Diaz,1983-07-11,41,Female,Gold,"2250 Davis Crossroad Crescent, Quebec City, Quebec, S3L 4N8, Canada",Quebec City,QC,Canada,John,Simpson,Relative,(211) 022-5803,2025-02-10,"Halifax, NS"
Paul,James,1952-07-30,72,Male,Silver,"2348 Shannon Skyway Drive, Winnipeg, Manitoba, R3L3C8, Canada",Winnipeg,MB,Canada,Matthew,Morris,Relative,(624) 755-4110,2025-02-10,"Halifax, NS"
Michelle,Rivera,1976-03-17,48,Female,Silver,"6560 Brittany Estates Street, Sherbrooke, Quebec, X4N 4K9, Canada",Sherbrooke,QC,Canada,Joshua,Cooper,Relative,(023) 684-8557,2025-02-10,"Halifax, NS"
Jamie,Rivera,1980-09-16,44,Female,Silver,"6560 Brittany Estates Street, Sherbrooke, Quebec, X4N 4K9, Canada",Sherbrooke,QC,Canada,Joshua,Cooper,Relative,(023) 684-8557,2025-02-10,"Halifax, NS"
Ruth,Webb,1944-05-12,80,Female,Silver,"6464 Christian Forest Terrace, Calgary, Alberta, G3G1K6, Canada",Calgary,AB,Canada,Jeanette,Lawson,Relative,(202) 939-0878,2025-02-10,"Halifax, NS"
Christopher,Weber,1984-01-01,41,Male,Gold,"1100 Cooper Groves Street, Toronto, Ontario, S5E 4J7, Canada",Toronto,ON,Canada,Zachary,White,Relative,(769) 523-6687,2025-02-10,"Halifax, NS"
Sarah,Weber,1987-06-17,37,Female,Gold,"1100 Cooper Groves Street, Toronto, Ontario, S5E 4J7, Canada",Toronto,ON,Canada,Zachary,White,Relative,(769) 523-6687,2025-02-10,"Halifax, NS"
Brenda,Cruz,1973-04-11,51,Female,Gold,"3788 Robinson River Terrace, Hamilton, Ontario, K3S1T9, Canada",Hamilton,ON,Canada,Ronald,Brown,Relative,(126) 065-0191,2025-02-10,"Halifax, NS"
Greg,Harrell,1982-10-17,42,Male,Silver,"3664 Justin Fields Drive, Red Deer, Alberta, T6R8S9, Canada",Red Deer,AB,Canada,Paul,Gordon,Relative,(667) 849-8436,2025-02-10,"Halifax, NS"
Brittany,Harrell,1986-10-19,38,Female,Silver,"3664 Justin Fields Drive, Red Deer, Alberta, T6R8S9, Canada",Red Deer,AB,Canada,Paul,Gordon,Relative,(667) 849-8436,2025-02-10,"Halifax, NS"
Kristina,Montgomery,1962-04-19,62,Female,Silver,"3077 Prince Inlet Court, Dartmouth, Nova Scotia, C1E 6B6, Canada",Dartmouth,NS,Canada,Larry,Bradford,Relative,(342) 811-3904,2025-02-10,"Halifax, NS"
Robert,Little,1967-10-06,57,Male,Silver,"3636 George Extension Street, Kelowna, British Columbia, Y7G 1S7, Canada",Kelowna,BC,Canada,Patrick,Garcia,Relative,(904) 227-1133,2025-02-10,"Halifax, NS"
Stephanie,Little,1963-11-07,61,Female,Silver,"3636 George Extension Street, Kelowna, British Columbia, Y7G 1S7, Canada",Kelowna,BC,Canada,Patrick,Garcia,Relative,(904) 227-1133,2025-02-10,"Halifax, NS"
Cynthia,Holder,1969-09-09,55,Female,Silver,"7801 Crystal Land Court, Ottawa, Ontario, G7T6C1, Canada",Ottawa,ON,Canada,Erik,Villa,Relative,(149) 551-1274,2025-02-10,"Halifax, NS"
Kari,Contreras,1973-03-11,51,Female,Silver,"3003 Duncan View Drive, Gander, Newfoundland and Labrador, Y5R 5N4, Canada",Gander,NL,Canada,Rebecca,Perry,Other,(060) 002-5895,2025-02-10,"Halifax, NS"
Bradley,Contreras,1971-12-26,53,Male,Silver,"3003 Duncan View Drive, Gander, Newfoundland and Labrador, Y5R 5N4, Canada",Gander,NL,Canada,Rebecca,Perry,Other,(060) 002-5895,2025-02-10,"Halifax, NS"
Christopher,Cooley,1975-11-24,49,Male,Platinum,"1638 Pugh Loaf Street, Red Deer, Alberta, M6K 4P1, Canada",Red Deer,AB,Canada,Beth,Hill,Other,(158) 477-6863,2025-02-10,"Halifax, NS"
Amber,Cooley,1978-03-19,46,Female,Platinum,"1638 Pugh Loaf Street, Red Deer, Alberta, M6K 4P1, Canada",Red Deer,AB,Canada,Beth,Hill,Other,(158) 477-6863,2025-02-10,"Halifax, NS"
Ryan,Travis,1996-10-29,28,Male,Silver,"2502 Williams Ports Terrace, Edmonton, Alberta, X4H 8A5, Canada",Edmonton,AB,Canada,Evan,Reed,Relative,(857) 906-4771,2025-02-10,"Halifax, NS"
Erica,Travis,1993-12-25,31,Female,Silver,"2502 Williams Ports Terrace, Edmonton, Alberta, X4H 8A5, Canada",Edmonton,AB,Canada,Evan,Reed,Relative,(857) 906-4771,2025-02-10,"Halifax, NS"
Ashley,Chavez,1979-03-24,45,Female,Silver,"3972 Morales Unions Drive, Dartmouth, Nova Scotia, C8X4M1, Canada",Dartmouth,NS,Canada,Heather,Johnson,Other,(136) 148-7824,2025-02-10,"Halifax, NS"
Donald,Chavez,1977-06-14,47,Male,Silver,"3972 Morales Unions Drive, Dartmouth, Nova Scotia, C8X4M1, Canada",Dartmouth,NS,Canada,Heather,Johnson,Other,(136) 148-7824,2025-02-10,"Halifax, NS"
Thomas,Bennett,1978-05-27,46,Male,Platinum,"2610 Morris Rue Terrace, Toronto, Ontario, A7J 8A3, Canada",Toronto,ON,Canada,Marc,Yoder,Relative,(078) 701-0415,2025-02-10,"Halifax, NS"
Meghan,Bennett,1981-06-16,43,Female,Platinum,"2610 Morris Rue Terrace, Toronto, Ontario, A7J 8A3, Canada",Toronto,ON,Canada,Marc,Yoder,Relative,(078) 701-0415,2025-02-10,"Halifax, NS"
Louis,Khan,1948-06-04,76,Male,Silver,"3966 Moore Summit Boulevard, Brandon, Manitoba, E8A 5C7, Canada",Brandon,MB,Canada,James,Hendricks,Relative,(298) 842-5995,2025-02-10,"Halifax, NS"
Michelle,Khan,1946-02-05,79,Female,Silver,"3966 Moore Summit Boulevard, Brandon, Manitoba, E8A 5C7, Canada",Brandon,MB,Canada,James,Hendricks,Relative,(298) 842-5995,2025-02-10,"Halifax, NS"
Chad,Montoya,1986-03-09,38,Male,Gold,"2722 Chelsea Haven Court, Lethbridge, Alberta, S1G4P5, Canada",Lethbridge,AB,Canada,John,Harrington,Relative,(000) 389-6087,2025-02-10,"Halifax, NS"
Colin,Dominguez,1961-02-11,63,Male,Silver,"518 Dillon Hills Crescent, Hamilton, Ontario, G7V1B4, Canada",Hamilton,ON,Canada,Cameron,White,Relative,(559) 342-9671,2025-02-10,"Halifax, NS"
Jill,Dominguez,1963-09-19,61,Female,Silver,"518 Dillon Hills Crescent, Hamilton, Ontario, G7V1B4, Canada",Hamilton,ON,Canada,Cameron,White,Relative,(559) 342-9671,2025-02-10,"Halifax, NS"
Kelly,Pugh,1962-01-13,63,Male,Gold,"1658 Kathleen Extension Avenue, Montreal, Quebec, C7R 7N6, Canada",Montreal,QC,Canada,Nathaniel,French,Relative,(377) 107-0449,2025-02-10,"Halifax, NS"
Sheila,Pugh,1967-06-01,57,Female,Gold,"1658 Kathleen Extension Avenue, Montreal, Quebec, C7R 7N6, Canada",Montreal,QC,Canada,Nathaniel,French,Relative,(377) 107-0449,2025-02-10,"Halifax, NS"
Amy,Pugh,2005-08-12,19,Female,Gold,"1658 Kathleen Extension Avenue, Montreal, Quebec, C7R 7N6, Canada",Montreal,QC,Canada,Nathaniel,French,Relative,(377) 107-0449,2025-02-10,"Halifax, NS"
Emily,Wallace,1967-09-28,57,Female,Gold,"6849 Shaffer Glens Terrace, Hamilton, Ontario, T8L 5T7, Canada",Hamilton,ON,Canada,Donna,Ritter,Other,(769) 984-2673,2025-02-10,"Halifax, NS"
Erin,Wallace,1968-09-01,56,Female,Gold,"6849 Shaffer Glens Terrace, Hamilton, Ontario, T8L 5T7, Canada",Hamilton,ON,Canada,Donna,Ritter,Other,(769) 984-2673,2025-02-10,"Halifax, NS"
Barbara,French,1971-11-02,53,Female,Silver,"6602 Michael Valleys Court, Kingston, Ontario, V1R 2B8, Canada",Kingston,ON,Canada,Nicholas,James,Relative,(898) 681-8097,2025-02-10,"Halifax, NS"
Morgan,French,1966-09-20,58,Male,Silver,"6602 Michael Valleys Court, Kingston, Ontario, V1R 2B8, Canada",Kingston,ON,Canada,Nicholas,James,Relative,(898) 681-8097,2025-02-10,"Halifax, NS"
Nigel,French,2009-07-13,15,Male,Silver,"6602 Michael Valleys Court, Kingston, Ontario, V1R 2B8, Canada",Kingston,ON,Canada,Nicholas,James,Relative,(898) 681-8097,2025-02-10,"Halifax, NS"
Anthony,Roberts,1976-07-25,48,Male,Silver,"8573 Andre Cove Drive, Toronto, Ontario, C3R 4B1, Canada",Toronto,ON,Canada,Anne,Evans,Other,(864) 565-2203,2025-02-10,"Halifax, NS"
Charles,Roberts,1975-06-12,49,Male,Silver,"8573 Andre Cove Drive, Toronto, Ontario, C3R 4B1, Canada",Toronto,ON,Canada,Anne,Evans,Other,(864) 565-2203,2025-02-10,"Halifax, NS"
Gary,Edwards,1975-03-26,49,Male,Silver,"1750 Tara Creek Terrace, Montreal, Quebec, P5E 2J4, Canada",Montreal,QC,Canada,Kimberly,Lloyd,Relative,(705) 349-6782,2025-02-10,"Halifax, NS"
Joanna,Edwards,1977-12-12,47,Female,Silver,"1750 Tara Creek Terrace, Montreal, Quebec, P5E 2J4, Canada",Montreal,QC,Canada,Kimberly,Lloyd,Relative,(705) 349-6782,2025-02-10,"Halifax, NS"
John,Wallace,1966-05-06,58,Male,Gold,"5009 Galvan Junction Boulevard, Winnipeg, Manitoba, J4A3K8, Canada",Winnipeg,MB,Canada,Michael,Boyd,Relative,(800) 329-6334,2025-02-10,"Halifax, NS"
Amanda,Wallace,1970-09-15,54,Female,Gold,"5009 Galvan Junction Boulevard, Winnipeg, Manitoba, J4A3K8, Canada",Winnipeg,MB,Canada,Michael,Boyd,Relative,(800) 329-6334,2025-02-10,"Halifax, NS"
Samantha,Campbell,1980-03-17,44,Female,Gold,"8946 Lewis Dale Road, Laval, Quebec, E2V 1J3, Canada",Laval,QC,Canada,Joseph,Best,Other,(695) 874-1314,2025-02-10,"Halifax, NS"
Eric,Campbell,1976-10-14,48,Male,Gold,"8946 Lewis Dale Road, Laval, Quebec, E2V 1J3, Canada",Laval,QC,Canada,Joseph,Best,Other,(695) 874-1314,2025-02-10,"Halifax, NS"
Brandy,Wilson,1972-09-18,52,Female,Silver,"5316 Hart Stravenue Boulevard, London, Ontario, V8T3S2, Canada",London,ON,Canada,James,Ramos,Other,(350) 476-3928,2025-02-10,"Halifax, NS"
Thomas,Jordan,1979-11-14,45,Male,Gold,"1441 Eric Vista Road, Montreal, Quebec, H6S2S3, Canada",Montreal,QC,Canada,Evelyn,Pacheco,Relative,(182) 379-3126,2025-02-10,"Halifax, NS"
Jennifer,Jordan,1979-05-16,45,Female,Gold,"1441 Eric Vista Road, Montreal, Quebec, H6S2S3, Canada",Montreal,QC,Canada,Evelyn,Pacheco,Relative,(182) 379-3126,2025-02-10,"Halifax, NS"
Candace,Holder,1957-08-07,67,Female,Silver,"6710 Christopher Locks Lane, Kelowna, British Columbia, Y6V 3L2, Canada",Kelowna,BC,Canada,Holly,Wang,Relative,(192) 134-2491,2025-02-10,"Halifax, NS"
Nicholas,Holder,1954-08-31,70,Male,Silver,"6710 Christopher Locks Lane, Kelowna, British Columbia, Y6V 3L2, Canada",Kelowna,BC,Canada,Holly,Wang,Relative,(192) 134-2491,2025-02-10,"Halifax, NS"
Mark,Dougherty,1985-02-26,39,Male,Silver,"7204 Denise Via Road, Regina, Saskatchewan, Y3G 2P2, Canada",Regina,SK,Canada,Yolanda,Ayers,Relative,(758) 309-4515,2025-02-10,"Halifax, NS"
Kristine,Dougherty,1989-04-02,35,Female,Silver,"7204 Denise Via Road, Regina, Saskatchewan, Y3G 2P2, Canada",Regina,SK,Canada,Yolanda,Ayers,Relative,(758) 309-4515,2025-02-10,"Halifax, NS"
Karen,Nelson,1978-02-24,46,Female,Silver,"1707 Young Path Road, Calgary, Alberta, P8V 4S3, Canada",Calgary,AB,Canada,Mark,Brown,Other,(843) 905-5295,2025-02-10,"Halifax, NS"
Don,Nelson,1979-09-20,45,Male,Silver,"1707 Young Path Road, Calgary, Alberta, P8V 4S3, Canada",Calgary,AB,Canada,Mark,Brown,Other,(843) 905-5295,2025-02-10,"Halifax, NS"
Norma,Brown,1936-04-06,88,Female,Gold,"8038 Gwendolyn Isle Crescent, Laval, Quebec, P3A1J6, Canada",Laval,QC,Canada,Keith,Horton,Relative,(711) 121-2590,2025-02-10,"Halifax, NS"
Robin,Robinson,1985-11-08,39,Female,Silver,"2200 Larsen Hill Boulevard, Lethbridge, Alberta, C6K1M9, Canada",Lethbridge,AB,Canada,Edward,Wolfe,Other,(955) 872-0962,2025-02-10,"Halifax, NS"
Mark,Robinson,1981-10-03,43,Male,Silver,"2200 Larsen Hill Boulevard, Lethbridge, Alberta, C6K1M9, Canada",Lethbridge,AB,Canada,Edward,Wolfe,Other,(955) 872-0962,2025-02-10,"Halifax, NS"
Kevin,Arnold,1968-07-18,56,Male,Gold,"3058 Timothy Lodge Crescent, Kingston, Ontario, N3T 3S1, Canada",Kingston,ON,Canada,John,Rogers,Relative,(254) 278-2079,2025-02-10,"Halifax, NS"
Diane,Johnson,1952-05-13,72,Female,Silver,"1574 Galvan Forks Drive, Hamilton, Ontario, B1S5T8, Canada",Hamilton,ON,Canada,Chris,Collins,Relative,(268) 171-5160,2025-02-10,"Halifax, NS"
Steven,Andrews,1951-05-22,73,Male,Gold,"2116 Benson Locks Street, Laval, Quebec, G6B8K1, Canada",Laval,QC,Canada,Sheila,Miller,Relative,(594) 389-7607,2025-02-10,"Halifax, NS"
Jerry,Jones,1962-01-15,63,Male,Gold,"1264 Castillo Pike Court, Ottawa, Ontario, B7T4E2, Canada",Ottawa,ON,Canada,Whitney,Gilbert,Relative,(305) 973-6424,2025-02-10,"Halifax, NS"
Victoria,Jones,1963-06-16,61,Female,Gold,"1264 Castillo Pike Court, Ottawa, Ontario, B7T4E2, Canada",Ottawa,ON,Canada,Whitney,Gilbert,Relative,(305) 973-6424,2025-02-10,"Halifax, NS"
Jacob,Mercer,1964-06-24,60,Male,Silver,"5996 Roberts Stravenue Boulevard, Calgary, Alberta, K6H 5Y3, Canada",Calgary,AB,Canada,Lawrence,Atkinson,Relative,(633) 194-2268,2025-02-10,"Halifax, NS"
Trevor,Barnes,1971-02-01,54,Male,Gold,"9115 Grimes Extensions Lane, London, Ontario, G3K 9H8, Canada",London,ON,Canada,Janet,Delgado,Relative,(299) 819-9605,2025-02-10,"Halifax, NS"
Jessica,Barnes,1971-12-24,53,Female,Gold,"9115 Grimes Extensions Lane, London, Ontario, G3K 9H8, Canada",London,ON,Canada,Janet,Delgado,Relative,(299) 819-9605,2025-02-10,"Halifax, NS"
Daniel,Cohen,1958-12-01,66,Male,Silver,"3334 Cook Crossing Avenue, Montreal, Quebec, A6Y 9X7, Canada",Montreal,QC,Canada,Shaun,Thompson,Relative,(410) 397-7397,2025-02-10,"Halifax, NS"
Jordan,Ramirez,1998-10-02,26,Male,Silver,"6494 Barbara Parks Crescent, Laval, Quebec, T8E1B4, Canada",Laval,QC,Canada,Tiffany,Romero,Relative,(107) 983-3423,2025-02-10,"Halifax, NS"
Kristin,Ramirez,1996-11-13,28,Female,Silver,"6494 Barbara Parks Crescent, Laval, Quebec, T8E1B4, Canada",Laval,QC,Canada,Tiffany,Romero,Relative,(107) 983-3423,2025-02-10,"Halifax, NS"
Eileen,Kennedy,1972-03-15,52,Female,Silver,"9067 Megan Tunnel Lane, Toronto, Ontario, C8X7C7, Canada",Toronto,ON,Canada,Crystal,Baker,Relative,(557) 469-6606,2025-02-10,"Halifax, NS"
Hal,Kennedy,1971-02-27,53,Male,Silver,"9067 Megan Tunnel Lane, Toronto, Ontario, C8X7C7, Canada",Toronto,ON,Canada,Crystal,Baker,Relative,(557) 469-6606,2025-02-10,"Halifax, NS"
Scott,Taylor,1972-03-16,52,Male,Silver,"9022 Lori Throughway Court, Laval, Quebec, T4P9E9, Canada",Laval,QC,Canada,Christopher,Palmer,Relative,(979) 316-4772,2025-02-10,"Halifax, NS"
Sue,White,1988-06-14,36,Female,Platinum,"7443 Johnson Village Road, Hamilton, Ontario, M8Y 4Y7, Canada",Hamilton,ON,Canada,Tammy,Barry,Relative,(234) 210-8902,2025-02-10,"Halifax, NS"
Ashley,White,1984-06-15,40,Female,Platinum,"7443 Johnson Village Road, Hamilton, Ontario, M8Y 4Y7, Canada",Hamilton,ON,Canada,Tammy,Barry,Relative,(234) 210-8902,2025-02-10,"Halifax, NS"
Angela,Hall,1979-02-15,45,Female,Silver,"8418 Tanner Motorway Boulevard, Montreal, Quebec, B3G 2R9, Canada",Montreal,QC,Canada,Daniel,James,Other,(128) 981-2317,2025-02-10,"Halifax, NS"
Steven,Hall,1973-10-06,51,Male,Silver,"8418 Tanner Motorway Boulevard, Montreal, Quebec, B3G 2R9, Canada",Montreal,QC,Canada,Daniel,James,Other,(128) 981-2317,2025-02-10,"Halifax, NS"
Nicholas,Cline,1988-08-27,36,Male,Gold,"6055 Lori Turnpike Avenue, Toronto, Ontario, N2M 7X2, Canada",Toronto,ON,Canada,Richard,Rivera,Relative,(869) 822-1053,2025-02-10,"Halifax, NS"
Heather,Cline,1989-05-09,35,Female,Gold,"6055 Lori Turnpike Avenue, Toronto, Ontario, N2M 7X2, Canada",Toronto,ON,Canada,Richard,Rivera,Relative,(869) 822-1053,2025-02-10,"Halifax, NS"
Michael,Cline,2012-08-10,12,Male,Gold,"6055 Lori Turnpike Avenue, Toronto, Ontario, N2M 7X2, Canada",Toronto,ON,Canada,Richard,Rivera,Relative,(869) 822-1053,2025-02-10,"Halifax, NS"
Alexandra,Ingram,1980-12-21,44,Female,Silver,"1765 Wright Greens Boulevard, Regina, Saskatchewan, E2G 9G8, Canada",Regina,SK,Canada,Juan,Ayers,Relative,(303) 589-2988,2025-02-10,"Halifax, NS"
Charles,Ingram,1977-09-22,47,Male,Silver,"1765 Wright Greens Boulevard, Regina, Saskatchewan, E2G 9G8, Canada",Regina,SK,Canada,Juan,Ayers,Relative,(303) 589-2988,2025-02-10,"Halifax, NS"
Margaret,Ingram,2009-11-21,15,Female,Silver,"1765 Wright Greens Boulevard, Regina, Saskatchewan, E2G 9G8, Canada",Regina,SK,Canada,Juan,Ayers,Relative,(303) 589-2988,2025-02-10,"Halifax, NS"
David,Moyer,1985-12-29,39,Male,Platinum,"7318 Lamb Prairie Lane, Surrey, British Columbia, C5H 2M6, Canada",Surrey,BC,Canada,Brian,Shaffer,Relative,(973) 964-1789,2025-02-10,"Halifax, NS"
Destiny,Obrien,1968-09-09,56,Female,Platinum,"3882 Rodney Park Crescent, Sherbrooke, Quebec, C6A1N4, Canada",Sherbrooke,QC,Canada,Robin,Fuller,Relative,(051) 460-7455,2025-02-10,"Halifax, NS"
Phillip,Phillips,1944-08-24,80,Male,Gold,"8078 Rachel Oval Avenue, Vancouver, British Columbia, G3L5C6, Canada",Vancouver,BC,Canada,Nancy,Walter,Relative,(370) 382-4073,2025-02-10,"Halifax, NS"
